year,bin_id,max_magnitude,avg_magnitude,avg_depth,frequency
1910.0,-1.0,0.0,0.0,10.0,0.0
1910.0,0.0,0.0,0.0,10.0,0.0
1910.0,1.0,0.0,0.0,10.0,0.0
1910.0,2.0,0.0,0.0,10.0,0.0
1910.0,3.0,7.5,7.5,33.0,1.0
1910.0,4.0,0.0,0.0,10.0,0.0
1910.0,5.0,0.0,0.0,10.0,0.0
1910.0,6.0,0.0,0.0,10.0,0.0
1910.0,7.0,0.0,0.0,10.0,0.0
1910.0,8.0,0.0,0.0,10.0,0.0
1910.0,9.0,0.0,0.0,10.0,0.0
1910.0,10.0,0.0,0.0,10.0,0.0
1910.0,11.0,0.0,0.0,10.0,0.0
1910.0,12.0,0.0,0.0,10.0,0.0
1910.0,13.0,0.0,0.0,10.0,0.0
1910.0,14.0,0.0,0.0,10.0,0.0
1910.0,15.0,0.0,0.0,10.0,0.0
1910.0,16.0,0.0,0.0,10.0,0.0
1910.0,17.0,0.0,0.0,10.0,0.0
1910.0,18.0,0.0,0.0,10.0,0.0
1910.0,19.0,0.0,0.0,10.0,0.0
1910.0,20.0,0.0,0.0,10.0,0.0
1910.0,21.0,0.0,0.0,10.0,0.0
1910.0,22.0,0.0,0.0,10.0,0.0
1910.0,23.0,0.0,0.0,10.0,0.0
1911.0,-1.0,0.0,0.0,10.0,0.0
1911.0,0.0,0.0,0.0,10.0,0.0
1911.0,1.0,0.0,0.0,10.0,0.0
1911.0,2.0,0.0,0.0,10.0,0.0
1911.0,3.0,7.5,7.5,33.0,1.0
1911.0,4.0,0.0,0.0,10.0,0.0
1911.0,5.0,0.0,0.0,10.0,0.0
1911.0,6.0,7.7,7.7,33.0,1.0
1911.0,7.0,0.0,0.0,10.0,0.0
1911.0,8.0,0.0,0.0,10.0,0.0
1911.0,9.0,0.0,0.0,10.0,0.0
1911.0,10.0,0.0,0.0,10.0,0.0
1911.0,11.0,0.0,0.0,10.0,0.0
1911.0,12.0,0.0,0.0,10.0,0.0
1911.0,13.0,0.0,0.0,10.0,0.0
1911.0,14.0,0.0,0.0,10.0,0.0
1911.0,15.0,0.0,0.0,10.0,0.0
1911.0,16.0,0.0,0.0,10.0,0.0
1911.0,17.0,0.0,0.0,10.0,0.0
1911.0,18.0,0.0,0.0,10.0,0.0
1911.0,19.0,0.0,0.0,10.0,0.0
1911.0,20.0,0.0,0.0,10.0,0.0
1911.0,21.0,0.0,0.0,10.0,0.0
1911.0,22.0,0.0,0.0,10.0,0.0
1911.0,23.0,0.0,0.0,10.0,0.0
1912.0,-1.0,0.0,0.0,10.0,0.0
1912.0,0.0,0.0,0.0,10.0,0.0
1912.0,1.0,7.5,7.5,33.0,1.0
1912.0,2.0,0.0,0.0,10.0,0.0
1912.0,3.0,7.5,7.5,33.0,1.0
1912.0,4.0,0.0,0.0,10.0,0.0
1912.0,5.0,0.0,0.0,10.0,0.0
1912.0,6.0,7.7,7.7,33.0,1.0
1912.0,7.0,0.0,0.0,10.0,0.0
1912.0,8.0,0.0,0.0,10.0,0.0
1912.0,9.0,0.0,0.0,10.0,0.0
1912.0,10.0,0.0,0.0,10.0,0.0
1912.0,11.0,0.0,0.0,10.0,0.0
1912.0,12.0,0.0,0.0,10.0,0.0
1912.0,13.0,0.0,0.0,10.0,0.0
1912.0,14.0,0.0,0.0,10.0,0.0
1912.0,15.0,0.0,0.0,10.0,0.0
1912.0,16.0,0.0,0.0,10.0,0.0
1912.0,17.0,0.0,0.0,10.0,0.0
1912.0,18.0,0.0,0.0,10.0,0.0
1912.0,19.0,0.0,0.0,10.0,0.0
1912.0,20.0,0.0,0.0,10.0,0.0
1912.0,21.0,0.0,0.0,10.0,0.0
1912.0,22.0,0.0,0.0,10.0,0.0
1912.0,23.0,0.0,0.0,10.0,0.0
1913.0,-1.0,0.0,0.0,10.0,0.0
1913.0,0.0,0.0,0.0,10.0,0.0
1913.0,1.0,7.5,7.5,33.0,1.0
1913.0,2.0,0.0,0.0,10.0,0.0
1913.0,3.0,7.9,7.9,33.0,1.0
1913.0,4.0,0.0,0.0,10.0,0.0
1913.0,5.0,0.0,0.0,10.0,0.0
1913.0,6.0,7.7,7.7,33.0,1.0
1913.0,7.0,0.0,0.0,10.0,0.0
1913.0,8.0,0.0,0.0,10.0,0.0
1913.0,9.0,0.0,0.0,10.0,0.0
1913.0,10.0,0.0,0.0,10.0,0.0
1913.0,11.0,0.0,0.0,10.0,0.0
1913.0,12.0,0.0,0.0,10.0,0.0
1913.0,13.0,0.0,0.0,10.0,0.0
1913.0,14.0,0.0,0.0,10.0,0.0
1913.0,15.0,0.0,0.0,10.0,0.0
1913.0,16.0,0.0,0.0,10.0,0.0
1913.0,17.0,0.0,0.0,10.0,0.0
1913.0,18.0,0.0,0.0,10.0,0.0
1913.0,19.0,0.0,0.0,10.0,0.0
1913.0,20.0,0.0,0.0,10.0,0.0
1913.0,21.0,0.0,0.0,10.0,0.0
1913.0,22.0,0.0,0.0,10.0,0.0
1913.0,23.0,0.0,0.0,10.0,0.0
1914.0,-1.0,0.0,0.0,10.0,0.0
1914.0,0.0,0.0,0.0,10.0,0.0
1914.0,1.0,7.5,7.5,33.0,1.0
1914.0,2.0,0.0,0.0,10.0,0.0
1914.0,3.0,7.9,7.9,33.0,1.0
1914.0,4.0,0.0,0.0,10.0,0.0
1914.0,5.0,0.0,0.0,10.0,0.0
1914.0,6.0,7.7,7.7,33.0,1.0
1914.0,7.0,0.0,0.0,10.0,0.0
1914.0,8.0,0.0,0.0,10.0,0.0
1914.0,9.0,0.0,0.0,10.0,0.0
1914.0,10.0,0.0,0.0,10.0,0.0
1914.0,11.0,0.0,0.0,10.0,0.0
1914.0,12.0,0.0,0.0,10.0,0.0
1914.0,13.0,0.0,0.0,10.0,0.0
1914.0,14.0,0.0,0.0,10.0,0.0
1914.0,15.0,0.0,0.0,10.0,0.0
1914.0,16.0,0.0,0.0,10.0,0.0
1914.0,17.0,0.0,0.0,10.0,0.0
1914.0,18.0,0.0,0.0,10.0,0.0
1914.0,19.0,0.0,0.0,10.0,0.0
1914.0,20.0,0.0,0.0,10.0,0.0
1914.0,21.0,0.0,0.0,10.0,0.0
1914.0,22.0,0.0,0.0,10.0,0.0
1914.0,23.0,0.0,0.0,10.0,0.0
1915.0,-1.0,0.0,0.0,10.0,0.0
1915.0,0.0,0.0,0.0,10.0,0.0
1915.0,1.0,7.5,7.5,33.0,1.0
1915.0,2.0,0.0,0.0,10.0,0.0
1915.0,3.0,7.9,7.9,33.0,1.0
1915.0,4.0,0.0,0.0,10.0,0.0
1915.0,5.0,0.0,0.0,10.0,0.0
1915.0,6.0,7.7,7.7,33.0,1.0
1915.0,7.0,0.0,0.0,10.0,0.0
1915.0,8.0,0.0,0.0,10.0,0.0
1915.0,9.0,0.0,0.0,10.0,0.0
1915.0,10.0,0.0,0.0,10.0,0.0
1915.0,11.0,0.0,0.0,10.0,0.0
1915.0,12.0,0.0,0.0,10.0,0.0
1915.0,13.0,0.0,0.0,10.0,0.0
1915.0,14.0,0.0,0.0,10.0,0.0
1915.0,15.0,0.0,0.0,10.0,0.0
1915.0,16.0,0.0,0.0,10.0,0.0
1915.0,17.0,7.0,7.0,40.0,1.0
1915.0,18.0,0.0,0.0,10.0,0.0
1915.0,19.0,0.0,0.0,10.0,0.0
1915.0,20.0,0.0,0.0,10.0,0.0
1915.0,21.0,0.0,0.0,10.0,0.0
1915.0,22.0,0.0,0.0,10.0,0.0
1915.0,23.0,0.0,0.0,10.0,0.0
1916.0,-1.0,0.0,0.0,10.0,0.0
1916.0,0.0,0.0,0.0,10.0,0.0
1916.0,1.0,7.5,7.5,33.0,1.0
1916.0,2.0,0.0,0.0,10.0,0.0
1916.0,3.0,7.9,7.9,33.0,1.0
1916.0,4.0,0.0,0.0,10.0,0.0
1916.0,5.0,0.0,0.0,10.0,0.0
1916.0,6.0,7.7,7.7,33.0,1.0
1916.0,7.0,0.0,0.0,10.0,0.0
1916.0,8.0,0.0,0.0,10.0,0.0
1916.0,9.0,0.0,0.0,10.0,0.0
1916.0,10.0,0.0,0.0,10.0,0.0
1916.0,11.0,0.0,0.0,10.0,0.0
1916.0,12.0,0.0,0.0,10.0,0.0
1916.0,13.0,0.0,0.0,10.0,0.0
1916.0,14.0,0.0,0.0,10.0,0.0
1916.0,15.0,0.0,0.0,10.0,0.0
1916.0,16.0,0.0,0.0,10.0,0.0
1916.0,17.0,7.0,7.0,40.0,1.0
1916.0,18.0,0.0,0.0,10.0,0.0
1916.0,19.0,0.0,0.0,10.0,0.0
1916.0,20.0,0.0,0.0,10.0,0.0
1916.0,21.0,0.0,0.0,10.0,0.0
1916.0,22.0,0.0,0.0,10.0,0.0
1916.0,23.0,0.0,0.0,10.0,0.0
1917.0,-1.0,0.0,0.0,10.0,0.0
1917.0,0.0,0.0,0.0,10.0,0.0
1917.0,1.0,7.5,7.5,33.0,1.0
1917.0,2.0,0.0,0.0,10.0,0.0
1917.0,3.0,7.9,7.9,33.0,1.0
1917.0,4.0,0.0,0.0,10.0,0.0
1917.0,5.0,0.0,0.0,10.0,0.0
1917.0,6.0,7.7,7.7,33.0,1.0
1917.0,7.0,0.0,0.0,10.0,0.0
1917.0,8.0,0.0,0.0,10.0,0.0
1917.0,9.0,0.0,0.0,10.0,0.0
1917.0,10.0,0.0,0.0,10.0,0.0
1917.0,11.0,0.0,0.0,10.0,0.0
1917.0,12.0,0.0,0.0,10.0,0.0
1917.0,13.0,0.0,0.0,10.0,0.0
1917.0,14.0,0.0,0.0,10.0,0.0
1917.0,15.0,0.0,0.0,10.0,0.0
1917.0,16.0,0.0,0.0,10.0,0.0
1917.0,17.0,7.0,7.0,40.0,1.0
1917.0,18.0,0.0,0.0,10.0,0.0
1917.0,19.0,0.0,0.0,10.0,0.0
1917.0,20.0,0.0,0.0,10.0,0.0
1917.0,21.0,0.0,0.0,10.0,0.0
1917.0,22.0,0.0,0.0,10.0,0.0
1917.0,23.0,0.0,0.0,10.0,0.0
1918.0,-1.0,0.0,0.0,10.0,0.0
1918.0,0.0,0.0,0.0,10.0,0.0
1918.0,1.0,7.5,7.5,33.0,1.0
1918.0,2.0,0.0,0.0,10.0,0.0
1918.0,3.0,7.0,7.0,33.0,1.0
1918.0,4.0,0.0,0.0,10.0,0.0
1918.0,5.0,0.0,0.0,10.0,0.0
1918.0,6.0,7.2,7.2,33.0,1.0
1918.0,7.0,0.0,0.0,10.0,0.0
1918.0,8.0,0.0,0.0,10.0,0.0
1918.0,9.0,0.0,0.0,10.0,0.0
1918.0,10.0,0.0,0.0,10.0,0.0
1918.0,11.0,0.0,0.0,10.0,0.0
1918.0,12.0,0.0,0.0,10.0,0.0
1918.0,13.0,0.0,0.0,10.0,0.0
1918.0,14.0,0.0,0.0,10.0,0.0
1918.0,15.0,0.0,0.0,10.0,0.0
1918.0,16.0,0.0,0.0,10.0,0.0
1918.0,17.0,7.0,7.0,40.0,1.0
1918.0,18.0,0.0,0.0,10.0,0.0
1918.0,19.0,0.0,0.0,10.0,0.0
1918.0,20.0,0.0,0.0,10.0,0.0
1918.0,21.0,0.0,0.0,10.0,0.0
1918.0,22.0,0.0,0.0,10.0,0.0
1918.0,23.0,0.0,0.0,10.0,0.0
1919.0,-1.0,0.0,0.0,10.0,0.0
1919.0,0.0,0.0,0.0,10.0,0.0
1919.0,1.0,7.5,7.5,33.0,1.0
1919.0,2.0,0.0,0.0,10.0,0.0
1919.0,3.0,7.0,7.0,33.0,1.0
1919.0,4.0,0.0,0.0,10.0,0.0
1919.0,5.0,0.0,0.0,10.0,0.0
1919.0,6.0,7.2,7.2,33.0,1.0
1919.0,7.0,0.0,0.0,10.0,0.0
1919.0,8.0,0.0,0.0,10.0,0.0
1919.0,9.0,0.0,0.0,10.0,0.0
1919.0,10.0,0.0,0.0,10.0,0.0
1919.0,11.0,0.0,0.0,10.0,0.0
1919.0,12.0,0.0,0.0,10.0,0.0
1919.0,13.0,0.0,0.0,10.0,0.0
1919.0,14.0,0.0,0.0,10.0,0.0
1919.0,15.0,0.0,0.0,10.0,0.0
1919.0,16.0,6.4,6.4,33.0,1.0
1919.0,17.0,6.5,6.5,50.0,1.0
1919.0,18.0,0.0,0.0,10.0,0.0
1919.0,19.0,0.0,0.0,10.0,0.0
1919.0,20.0,0.0,0.0,10.0,0.0
1919.0,21.0,0.0,0.0,10.0,0.0
1919.0,22.0,0.0,0.0,10.0,0.0
1919.0,23.0,0.0,0.0,10.0,0.0
1920.0,-1.0,0.0,0.0,10.0,0.0
1920.0,0.0,0.0,0.0,10.0,0.0
1920.0,1.0,7.5,7.5,33.0,1.0
1920.0,2.0,0.0,0.0,10.0,0.0
1920.0,3.0,7.0,7.0,33.0,1.0
1920.0,4.0,0.0,0.0,10.0,0.0
1920.0,5.0,0.0,0.0,10.0,0.0
1920.0,6.0,7.2,7.2,33.0,1.0
1920.0,7.0,0.0,0.0,10.0,0.0
1920.0,8.0,0.0,0.0,10.0,0.0
1920.0,9.0,0.0,0.0,10.0,0.0
1920.0,10.0,0.0,0.0,10.0,0.0
1920.0,11.0,0.0,0.0,10.0,0.0
1920.0,12.0,0.0,0.0,10.0,0.0
1920.0,13.0,0.0,0.0,10.0,0.0
1920.0,14.0,0.0,0.0,10.0,0.0
1920.0,15.0,0.0,0.0,10.0,0.0
1920.0,16.0,6.4,6.4,33.0,1.0
1920.0,17.0,6.5,6.5,50.0,1.0
1920.0,18.0,0.0,0.0,10.0,0.0
1920.0,19.0,0.0,0.0,10.0,0.0
1920.0,20.0,0.0,0.0,10.0,0.0
1920.0,21.0,0.0,0.0,10.0,0.0
1920.0,22.0,0.0,0.0,10.0,0.0
1920.0,23.0,0.0,0.0,10.0,0.0
1921.0,-1.0,0.0,0.0,10.0,0.0
1921.0,0.0,0.0,0.0,10.0,0.0
1921.0,1.0,6.3,6.3,33.0,1.0
1921.0,2.0,0.0,0.0,10.0,0.0
1921.0,3.0,7.0,7.0,33.0,1.0
1921.0,4.0,0.0,0.0,10.0,0.0
1921.0,5.0,0.0,0.0,10.0,0.0
1921.0,6.0,7.5,7.5,33.0,1.0
1921.0,7.0,0.0,0.0,10.0,0.0
1921.0,8.0,0.0,0.0,10.0,0.0
1921.0,9.0,0.0,0.0,10.0,0.0
1921.0,10.0,0.0,0.0,10.0,0.0
1921.0,11.0,0.0,0.0,10.0,0.0
1921.0,12.0,0.0,0.0,10.0,0.0
1921.0,13.0,0.0,0.0,10.0,0.0
1921.0,14.0,0.0,0.0,10.0,0.0
1921.0,15.0,0.0,0.0,10.0,0.0
1921.0,16.0,6.4,6.4,33.0,1.0
1921.0,17.0,6.5,6.5,50.0,1.0
1921.0,18.0,0.0,0.0,10.0,0.0
1921.0,19.0,0.0,0.0,10.0,0.0
1921.0,20.0,0.0,0.0,10.0,0.0
1921.0,21.0,0.0,0.0,10.0,0.0
1921.0,22.0,0.0,0.0,10.0,0.0
1921.0,23.0,0.0,0.0,10.0,0.0
1922.0,-1.0,0.0,0.0,10.0,0.0
1922.0,0.0,0.0,0.0,10.0,0.0
1922.0,1.0,6.3,6.3,33.0,1.0
1922.0,2.0,0.0,0.0,10.0,0.0
1922.0,3.0,7.0,7.0,33.0,1.0
1922.0,4.0,0.0,0.0,10.0,0.0
1922.0,5.0,0.0,0.0,10.0,0.0
1922.0,6.0,7.5,7.5,33.0,1.0
1922.0,7.0,5.0,5.0,68.0,1.0
1922.0,8.0,0.0,0.0,10.0,0.0
1922.0,9.0,0.0,0.0,10.0,0.0
1922.0,10.0,0.0,0.0,10.0,0.0
1922.0,11.0,0.0,0.0,10.0,0.0
1922.0,12.0,0.0,0.0,10.0,0.0
1922.0,13.0,0.0,0.0,10.0,0.0
1922.0,14.0,0.0,0.0,10.0,0.0
1922.0,15.0,6.7,6.7,50.0,1.0
1922.0,16.0,6.4,6.4,33.0,1.0
1922.0,17.0,6.5,6.5,50.0,1.0
1922.0,18.0,0.0,0.0,10.0,0.0
1922.0,19.0,0.0,0.0,10.0,0.0
1922.0,20.0,0.0,0.0,10.0,0.0
1922.0,21.0,0.0,0.0,10.0,0.0
1922.0,22.0,0.0,0.0,10.0,0.0
1922.0,23.0,0.0,0.0,10.0,0.0
1923.0,-1.0,0.0,0.0,10.0,0.0
1923.0,0.0,0.0,0.0,10.0,0.0
1923.0,1.0,6.3,6.3,33.0,1.0
1923.0,2.0,0.0,0.0,10.0,0.0
1923.0,3.0,7.0,7.0,33.0,1.0
1923.0,4.0,0.0,0.0,10.0,0.0
1923.0,5.0,0.0,0.0,10.0,0.0
1923.0,6.0,7.5,7.5,33.0,1.0
1923.0,7.0,5.0,5.0,68.0,1.0
1923.0,8.0,0.0,0.0,10.0,0.0
1923.0,9.0,0.0,0.0,10.0,0.0
1923.0,10.0,0.0,0.0,10.0,0.0
1923.0,11.0,0.0,0.0,10.0,0.0
1923.0,12.0,0.0,0.0,10.0,0.0
1923.0,13.0,0.0,0.0,10.0,0.0
1923.0,14.0,0.0,0.0,10.0,0.0
1923.0,15.0,6.7,6.7,50.0,1.0
1923.0,16.0,6.4,6.4,33.0,1.0
1923.0,17.0,6.5,6.5,50.0,1.0
1923.0,18.0,0.0,0.0,10.0,0.0
1923.0,19.0,0.0,0.0,10.0,0.0
1923.0,20.0,0.0,0.0,10.0,0.0
1923.0,21.0,0.0,0.0,10.0,0.0
1923.0,22.0,0.0,0.0,10.0,0.0
1923.0,23.0,7.2,6.8999999999999995,33.0,3.0
1924.0,-1.0,0.0,0.0,10.0,0.0
1924.0,0.0,0.0,0.0,10.0,0.0
1924.0,1.0,6.3,6.3,33.0,1.0
1924.0,2.0,0.0,0.0,10.0,0.0
1924.0,3.0,8.3,8.3,33.0,1.0
1924.0,4.0,0.0,0.0,10.0,0.0
1924.0,5.0,0.0,0.0,10.0,0.0
1924.0,6.0,7.3,7.3,33.0,1.0
1924.0,7.0,5.0,5.0,68.0,1.0
1924.0,8.0,0.0,0.0,10.0,0.0
1924.0,9.0,0.0,0.0,10.0,0.0
1924.0,10.0,0.0,0.0,10.0,0.0
1924.0,11.0,0.0,0.0,10.0,0.0
1924.0,12.0,0.0,0.0,10.0,0.0
1924.0,13.0,0.0,0.0,10.0,0.0
1924.0,14.0,0.0,0.0,10.0,0.0
1924.0,15.0,6.7,6.7,50.0,1.0
1924.0,16.0,6.4,6.4,33.0,1.0
1924.0,17.0,6.5,6.5,50.0,1.0
1924.0,18.0,0.0,0.0,10.0,0.0
1924.0,19.0,0.0,0.0,10.0,0.0
1924.0,20.0,0.0,0.0,10.0,0.0
1924.0,21.0,0.0,0.0,10.0,0.0
1924.0,22.0,0.0,0.0,10.0,0.0
1924.0,23.0,7.2,6.8999999999999995,33.0,3.0
1925.0,-1.0,0.0,0.0,10.0,0.0
1925.0,0.0,0.0,0.0,10.0,0.0
1925.0,1.0,6.3,6.3,33.0,1.0
1925.0,2.0,0.0,0.0,10.0,0.0
1925.0,3.0,8.3,8.3,33.0,1.0
1925.0,4.0,0.0,0.0,10.0,0.0
1925.0,5.0,0.0,0.0,10.0,0.0
1925.0,6.0,7.3,7.3,33.0,1.0
1925.0,7.0,5.0,5.0,68.0,1.0
1925.0,8.0,0.0,0.0,10.0,0.0
1925.0,9.0,0.0,0.0,10.0,0.0
1925.0,10.0,0.0,0.0,10.0,0.0
1925.0,11.0,0.0,0.0,10.0,0.0
1925.0,12.0,0.0,0.0,10.0,0.0
1925.0,13.0,0.0,0.0,10.0,0.0
1925.0,14.0,7.3,7.3,33.0,2.0
1925.0,15.0,6.7,6.7,50.0,1.0
1925.0,16.0,6.8,6.8,33.0,1.0
1925.0,17.0,6.3,6.3,33.0,1.0
1925.0,18.0,0.0,0.0,10.0,0.0
1925.0,19.0,0.0,0.0,10.0,0.0
1925.0,20.0,0.0,0.0,10.0,0.0
1925.0,21.0,0.0,0.0,10.0,0.0
1925.0,22.0,0.0,0.0,10.0,0.0
1925.0,23.0,7.2,6.8999999999999995,33.0,3.0
1926.0,-1.0,0.0,0.0,10.0,0.0
1926.0,0.0,0.0,0.0,10.0,0.0
1926.0,1.0,6.3,6.3,33.0,1.0
1926.0,2.0,0.0,0.0,10.0,0.0
1926.0,3.0,8.3,8.3,33.0,1.0
1926.0,4.0,0.0,0.0,10.0,0.0
1926.0,5.0,0.0,0.0,10.0,0.0
1926.0,6.0,7.3,7.3,33.0,1.0
1926.0,7.0,5.0,5.0,68.0,1.0
1926.0,8.0,0.0,0.0,10.0,0.0
1926.0,9.0,0.0,0.0,10.0,0.0
1926.0,10.0,0.0,0.0,10.0,0.0
1926.0,11.0,0.0,0.0,10.0,0.0
1926.0,12.0,0.0,0.0,10.0,0.0
1926.0,13.0,0.0,0.0,10.0,0.0
1926.0,14.0,7.3,7.3,33.0,2.0
1926.0,15.0,6.7,6.7,50.0,1.0
1926.0,16.0,6.8,6.8,33.0,1.0
1926.0,17.0,6.3,6.3,33.0,1.0
1926.0,18.0,0.0,0.0,10.0,0.0
1926.0,19.0,0.0,0.0,10.0,0.0
1926.0,20.0,5.6,5.6,33.0,1.0
1926.0,21.0,0.0,0.0,10.0,0.0
1926.0,22.0,0.0,0.0,10.0,0.0
1926.0,23.0,7.2,6.8999999999999995,33.0,3.0
1927.0,-1.0,0.0,0.0,10.0,0.0
1927.0,0.0,0.0,0.0,10.0,0.0
1927.0,1.0,6.3,6.3,33.0,1.0
1927.0,2.0,0.0,0.0,10.0,0.0
1927.0,3.0,6.9,6.9,50.0,1.0
1927.0,4.0,0.0,0.0,10.0,0.0
1927.0,5.0,0.0,0.0,10.0,0.0
1927.0,6.0,7.3,7.3,33.0,1.0
1927.0,7.0,5.0,5.0,68.0,1.0
1927.0,8.0,0.0,0.0,10.0,0.0
1927.0,9.0,0.0,0.0,10.0,0.0
1927.0,10.0,0.0,0.0,10.0,0.0
1927.0,11.0,0.0,0.0,10.0,0.0
1927.0,12.0,0.0,0.0,10.0,0.0
1927.0,13.0,0.0,0.0,10.0,0.0
1927.0,14.0,7.3,7.3,33.0,2.0
1927.0,15.0,6.7,6.7,50.0,1.0
1927.0,16.0,6.8,6.8,33.0,1.0
1927.0,17.0,6.3,6.3,33.0,1.0
1927.0,18.0,0.0,0.0,10.0,0.0
1927.0,19.0,0.0,0.0,10.0,0.0
1927.0,20.0,5.6,5.6,33.0,1.0
1927.0,21.0,0.0,0.0,10.0,0.0
1927.0,22.0,0.0,0.0,10.0,0.0
1927.0,23.0,7.2,6.8999999999999995,33.0,3.0
1928.0,-1.0,0.0,0.0,10.0,0.0
1928.0,0.0,6.7,6.7,33.0,1.0
1928.0,1.0,6.3,6.3,33.0,1.0
1928.0,2.0,0.0,0.0,10.0,0.0
1928.0,3.0,6.9,6.9,50.0,1.0
1928.0,4.0,0.0,0.0,10.0,0.0
1928.0,5.0,0.0,0.0,10.0,0.0
1928.0,6.0,7.3,7.3,33.0,1.0
1928.0,7.0,5.0,5.0,68.0,1.0
1928.0,8.0,6.3,6.3,33.0,1.0
1928.0,9.0,0.0,0.0,10.0,0.0
1928.0,10.0,0.0,0.0,10.0,0.0
1928.0,11.0,0.0,0.0,10.0,0.0
1928.0,12.0,0.0,0.0,10.0,0.0
1928.0,13.0,0.0,0.0,10.0,0.0
1928.0,14.0,7.3,7.3,33.0,2.0
1928.0,15.0,6.7,6.7,50.0,1.0
1928.0,16.0,6.9,6.9,33.0,1.0
1928.0,17.0,7.0,7.0,33.0,1.0
1928.0,18.0,0.0,0.0,10.0,0.0
1928.0,19.0,7.3,7.3,33.0,1.0
1928.0,20.0,5.6,5.6,33.0,1.0
1928.0,21.0,0.0,0.0,10.0,0.0
1928.0,22.0,0.0,0.0,10.0,0.0
1928.0,23.0,7.2,6.8999999999999995,33.0,3.0
1929.0,-1.0,0.0,0.0,10.0,0.0
1929.0,0.0,6.7,6.7,33.0,1.0
1929.0,1.0,6.3,6.3,33.0,1.0
1929.0,2.0,0.0,0.0,10.0,0.0
1929.0,3.0,6.9,6.9,50.0,1.0
1929.0,4.0,0.0,0.0,10.0,0.0
1929.0,5.0,0.0,0.0,10.0,0.0
1929.0,6.0,7.3,7.3,33.0,1.0
1929.0,7.0,5.0,5.0,68.0,1.0
1929.0,8.0,6.3,6.3,33.0,1.0
1929.0,9.0,0.0,0.0,10.0,0.0
1929.0,10.0,0.0,0.0,10.0,0.0
1929.0,11.0,0.0,0.0,10.0,0.0
1929.0,12.0,0.0,0.0,10.0,0.0
1929.0,13.0,0.0,0.0,10.0,0.0
1929.0,14.0,7.3,7.3,33.0,2.0
1929.0,15.0,6.7,6.7,50.0,1.0
1929.0,16.0,6.9,6.9,33.0,1.0
1929.0,17.0,7.0,7.0,33.0,1.0
1929.0,18.0,0.0,0.0,10.0,0.0
1929.0,19.0,7.3,7.3,33.0,1.0
1929.0,20.0,5.6,5.6,33.0,1.0
1929.0,21.0,5.6,5.6,33.0,1.0
1929.0,22.0,0.0,0.0,10.0,0.0
1929.0,23.0,7.2,6.8999999999999995,33.0,3.0
1930.0,-1.0,0.0,0.0,10.0,0.0
1930.0,0.0,6.7,6.7,33.0,1.0
1930.0,1.0,6.3,6.3,33.0,1.0
1930.0,2.0,0.0,0.0,10.0,0.0
1930.0,3.0,6.9,6.9,50.0,1.0
1930.0,4.0,0.0,0.0,10.0,0.0
1930.0,5.0,0.0,0.0,10.0,0.0
1930.0,6.0,7.3,7.3,33.0,1.0
1930.0,7.0,5.0,5.0,68.0,1.0
1930.0,8.0,6.3,6.3,33.0,1.0
1930.0,9.0,0.0,0.0,10.0,0.0
1930.0,10.0,0.0,0.0,10.0,0.0
1930.0,11.0,0.0,0.0,10.0,0.0
1930.0,12.0,0.0,0.0,10.0,0.0
1930.0,13.0,6.5,6.5,50.0,1.0
1930.0,14.0,7.3,7.3,33.0,2.0
1930.0,15.0,6.7,6.7,50.0,1.0
1930.0,16.0,6.9,6.9,33.0,1.0
1930.0,17.0,7.0,7.0,33.0,1.0
1930.0,18.0,0.0,0.0,10.0,0.0
1930.0,19.0,7.3,7.3,33.0,1.0
1930.0,20.0,5.6,5.6,33.0,1.0
1930.0,21.0,5.6,5.6,33.0,1.0
1930.0,22.0,0.0,0.0,10.0,0.0
1930.0,23.0,7.2,6.8999999999999995,33.0,3.0
1931.0,-1.0,0.0,0.0,10.0,0.0
1931.0,0.0,6.7,6.7,33.0,1.0
1931.0,1.0,6.7,6.7,33.0,1.0
1931.0,2.0,0.0,0.0,10.0,0.0
1931.0,3.0,7.0,7.0,50.0,1.0
1931.0,4.0,0.0,0.0,10.0,0.0
1931.0,5.0,0.0,0.0,10.0,0.0
1931.0,6.0,5.6,5.6,33.0,1.0
1931.0,7.0,5.0,5.0,68.0,1.0
1931.0,8.0,6.3,6.3,33.0,1.0
1931.0,9.0,0.0,0.0,10.0,0.0
1931.0,10.0,6.9,6.9,33.0,1.0
1931.0,11.0,6.3,6.3,33.0,1.0
1931.0,12.0,0.0,0.0,10.0,0.0
1931.0,13.0,6.5,6.5,50.0,1.0
1931.0,14.0,7.3,7.3,33.0,2.0
1931.0,15.0,6.7,6.7,50.0,1.0
1931.0,16.0,6.9,6.9,33.0,1.0
1931.0,17.0,6.5,6.5,33.0,1.0
1931.0,18.0,5.6,5.6,33.0,1.0
1931.0,19.0,7.3,7.3,33.0,1.0
1931.0,20.0,6.3,6.3,33.0,1.0
1931.0,21.0,5.6,5.6,33.0,1.0
1931.0,22.0,0.0,0.0,10.0,0.0
1931.0,23.0,7.2,6.8999999999999995,33.0,3.0
1932.0,-1.0,0.0,0.0,10.0,0.0
1932.0,0.0,6.7,6.7,33.0,1.0
1932.0,1.0,6.7,6.7,33.0,1.0
1932.0,2.0,0.0,0.0,10.0,0.0
1932.0,3.0,7.0,7.0,50.0,1.0
1932.0,4.0,0.0,0.0,10.0,0.0
1932.0,5.0,0.0,0.0,10.0,0.0
1932.0,6.0,5.6,5.6,33.0,2.0
1932.0,7.0,5.0,5.0,68.0,1.0
1932.0,8.0,6.3,6.3,33.0,1.0
1932.0,9.0,0.0,0.0,10.0,0.0
1932.0,10.0,5.0,5.0,40.0,1.0
1932.0,11.0,6.3,6.3,33.0,1.0
1932.0,12.0,6.0,6.0,33.0,1.0
1932.0,13.0,6.5,6.5,50.0,1.0
1932.0,14.0,5.6,5.6,33.0,1.0
1932.0,15.0,6.7,6.7,50.0,1.0
1932.0,16.0,6.9,6.9,33.0,1.0
1932.0,17.0,6.5,6.5,33.0,1.0
1932.0,18.0,5.6,5.6,33.0,1.0
1932.0,19.0,7.3,7.3,33.0,1.0
1932.0,20.0,6.3,6.3,33.0,1.0
1932.0,21.0,5.6,5.6,33.0,1.0
1932.0,22.0,6.3,6.3,33.0,1.0
1932.0,23.0,7.1,6.566666666666666,33.0,3.0
1933.0,-1.0,0.0,0.0,10.0,0.0
1933.0,0.0,6.7,6.7,33.0,1.0
1933.0,1.0,5.6,5.599999999999999,33.0,3.0
1933.0,2.0,0.0,0.0,10.0,0.0
1933.0,3.0,6.0,5.8,33.0,2.0
1933.0,4.0,0.0,0.0,10.0,0.0
1933.0,5.0,0.0,0.0,10.0,0.0
1933.0,6.0,5.6,5.6,33.0,2.0
1933.0,7.0,6.3,6.3,33.0,1.0
1933.0,8.0,6.3,6.3,33.0,1.0
1933.0,9.0,0.0,0.0,10.0,0.0
1933.0,10.0,5.0,5.0,40.0,1.0
1933.0,11.0,6.3,6.3,33.0,1.0
1933.0,12.0,6.0,6.0,33.0,1.0
1933.0,13.0,6.5,6.5,50.0,1.0
1933.0,14.0,6.5,6.5,33.0,1.0
1933.0,15.0,6.7,6.7,33.0,1.0
1933.0,16.0,6.9,6.9,33.0,1.0
1933.0,17.0,6.5,6.5,33.0,1.0
1933.0,18.0,5.6,5.6,33.0,1.0
1933.0,19.0,5.6,5.6,33.0,1.0
1933.0,20.0,6.3,6.3,33.0,1.0
1933.0,21.0,5.6,5.6,33.0,1.0
1933.0,22.0,6.3,6.3,33.0,1.0
1933.0,23.0,7.1,6.566666666666666,33.0,3.0
1934.0,-1.0,0.0,0.0,10.0,0.0
1934.0,0.0,6.7,6.7,33.0,1.0
1934.0,1.0,5.6,5.599999999999999,33.0,3.0
1934.0,2.0,0.0,0.0,10.0,0.0
1934.0,3.0,6.0,5.8,33.0,2.0
1934.0,4.0,0.0,0.0,10.0,0.0
1934.0,5.0,0.0,0.0,10.0,0.0
1934.0,6.0,6.9,6.45,33.5,2.0
1934.0,7.0,6.3,6.3,33.0,1.0
1934.0,8.0,5.6,5.6,33.0,1.0
1934.0,9.0,0.0,0.0,10.0,0.0
1934.0,10.0,5.0,5.0,40.0,1.0
1934.0,11.0,6.3,6.3,33.0,1.0
1934.0,12.0,5.6,5.6,33.0,1.0
1934.0,13.0,6.0,6.0,33.0,1.0
1934.0,14.0,6.5,6.5,33.0,1.0
1934.0,15.0,7.3,7.3,33.0,1.0
1934.0,16.0,6.9,6.9,33.0,1.0
1934.0,17.0,6.5,6.5,33.0,1.0
1934.0,18.0,5.6,5.6,33.0,1.0
1934.0,19.0,6.3,6.3,33.0,1.0
1934.0,20.0,6.3,6.3,33.0,1.0
1934.0,21.0,5.6,5.6,33.0,1.0
1934.0,22.0,7.6,7.6,33.0,1.0
1934.0,23.0,5.6,5.6,33.0,1.0
1935.0,-1.0,0.0,0.0,10.0,0.0
1935.0,0.0,6.7,6.7,33.0,1.0
1935.0,1.0,6.0,6.0,33.0,1.0
1935.0,2.0,0.0,0.0,10.0,0.0
1935.0,3.0,6.0,6.0,50.0,1.0
1935.0,4.0,0.0,0.0,10.0,0.0
1935.0,5.0,6.3,6.3,33.0,1.0
1935.0,6.0,6.9,6.45,33.5,2.0
1935.0,7.0,6.3,6.3,33.0,1.0
1935.0,8.0,5.6,5.6,33.0,1.0
1935.0,9.0,0.0,0.0,10.0,0.0
1935.0,10.0,5.0,5.0,40.0,1.0
1935.0,11.0,6.3,6.3,33.0,1.0
1935.0,12.0,5.6,5.6,33.0,1.0
1935.0,13.0,6.0,6.0,33.0,1.0
1935.0,14.0,6.7,6.433333333333334,33.0,3.0
1935.0,15.0,7.3,7.3,33.0,1.0
1935.0,16.0,6.9,6.9,33.0,1.0
1935.0,17.0,6.0,6.0,33.0,1.0
1935.0,18.0,5.6,5.6,33.0,1.0
1935.0,19.0,6.3,6.3,33.0,1.0
1935.0,20.0,6.3,6.3,33.0,1.0
1935.0,21.0,5.6,5.6,33.0,1.0
1935.0,22.0,7.6,7.6,33.0,1.0
1935.0,23.0,5.6,5.6,33.0,1.0
1936.0,-1.0,0.0,0.0,10.0,0.0
1936.0,0.0,6.7,6.7,33.0,1.0
1936.0,1.0,6.0,6.0,33.0,1.0
1936.0,2.0,0.0,0.0,10.0,0.0
1936.0,3.0,7.7,7.5,46.5,2.0
1936.0,4.0,0.0,0.0,10.0,0.0
1936.0,5.0,6.3,6.3,33.0,1.0
1936.0,6.0,6.9,6.45,33.5,2.0
1936.0,7.0,6.3,6.3,33.0,1.0
1936.0,8.0,5.6,5.6,33.0,1.0
1936.0,9.0,0.0,0.0,10.0,0.0
1936.0,10.0,5.6,5.6,33.0,1.0
1936.0,11.0,6.3,6.3,33.0,1.0
1936.0,12.0,5.6,5.6,33.0,1.0
1936.0,13.0,6.0,6.0,33.0,1.0
1936.0,14.0,6.7,6.433333333333334,33.0,3.0
1936.0,15.0,7.3,7.3,33.0,1.0
1936.0,16.0,5.7,5.7,33.0,1.0
1936.0,17.0,6.0,6.0,33.0,1.0
1936.0,18.0,5.6,5.6,33.0,1.0
1936.0,19.0,6.3,6.3,33.0,1.0
1936.0,20.0,6.3,6.3,33.0,1.0
1936.0,21.0,5.6,5.6,33.0,1.0
1936.0,22.0,7.6,7.6,33.0,1.0
1936.0,23.0,5.6,5.6,33.0,1.0
1937.0,-1.0,0.0,0.0,10.0,0.0
1937.0,0.0,6.7,6.7,33.0,1.0
1937.0,1.0,6.9,6.9,50.0,1.0
1937.0,2.0,0.0,0.0,10.0,0.0
1937.0,3.0,7.7,7.5,46.5,2.0
1937.0,4.0,0.0,0.0,10.0,0.0
1937.0,5.0,6.3,6.3,33.0,1.0
1937.0,6.0,6.7,6.7,60.0,1.0
1937.0,7.0,6.3,6.3,33.0,1.0
1937.0,8.0,5.6,5.6,33.0,1.0
1937.0,9.0,7.5,7.5,33.0,1.0
1937.0,10.0,5.6,5.6,33.0,1.0
1937.0,11.0,6.3,6.3,33.0,1.0
1937.0,12.0,5.6,5.6,33.0,1.0
1937.0,13.0,6.0,6.0,33.0,1.0
1937.0,14.0,6.7,6.433333333333334,33.0,3.0
1937.0,15.0,7.3,7.3,33.0,1.0
1937.0,16.0,5.7,5.7,33.0,1.0
1937.0,17.0,6.0,6.0,33.0,1.0
1937.0,18.0,5.6,5.6,33.0,1.0
1937.0,19.0,6.3,6.3,33.0,1.0
1937.0,20.0,6.3,6.3,33.0,1.0
1937.0,21.0,5.6,5.6,33.0,1.0
1937.0,22.0,7.6,7.6,33.0,1.0
1937.0,23.0,5.6,5.6,33.0,1.0
1938.0,-1.0,0.0,0.0,10.0,0.0
1938.0,0.0,6.7,6.7,33.0,1.0
1938.0,1.0,7.3,7.3,33.0,1.0
1938.0,2.0,0.0,0.0,10.0,0.0
1938.0,3.0,7.7,7.5,46.5,2.0
1938.0,4.0,0.0,0.0,10.0,0.0
1938.0,5.0,6.3,6.3,33.0,1.0
1938.0,6.0,6.7,6.7,60.0,1.0
1938.0,7.0,6.3,6.3,33.0,1.0
1938.0,8.0,5.6,5.6,33.0,1.0
1938.0,9.0,7.5,7.5,33.0,1.0
1938.0,10.0,5.6,5.6,33.0,1.0
1938.0,11.0,6.3,6.3,33.0,1.0
1938.0,12.0,5.6,5.6,33.0,1.0
1938.0,13.0,6.0,6.0,33.0,1.0
1938.0,14.0,6.7,6.433333333333334,33.0,3.0
1938.0,15.0,7.3,7.3,33.0,1.0
1938.0,16.0,5.7,5.7,33.0,1.0
1938.0,17.0,6.0,6.0,33.0,1.0
1938.0,18.0,5.6,5.6,33.0,1.0
1938.0,19.0,6.3,6.3,33.0,1.0
1938.0,20.0,6.3,6.3,33.0,1.0
1938.0,21.0,5.6,5.6,33.0,1.0
1938.0,22.0,7.6,7.6,33.0,1.0
1938.0,23.0,5.6,5.6,33.0,1.0
1939.0,-1.0,0.0,0.0,10.0,0.0
1939.0,0.0,6.7,6.7,33.0,1.0
1939.0,1.0,7.3,7.3,33.0,1.0
1939.0,2.0,0.0,0.0,10.0,0.0
1939.0,3.0,7.7,7.5,46.5,2.0
1939.0,4.0,0.0,0.0,10.0,0.0
1939.0,5.0,6.3,6.3,33.0,1.0
1939.0,6.0,6.7,6.7,60.0,1.0
1939.0,7.0,6.3,6.3,33.0,1.0
1939.0,8.0,5.6,5.6,33.0,1.0
1939.0,9.0,7.5,7.5,33.0,1.0
1939.0,10.0,5.6,5.6,33.0,1.0
1939.0,11.0,6.3,6.3,33.0,1.0
1939.0,12.0,5.6,5.6,33.0,1.0
1939.0,13.0,6.0,6.0,33.0,1.0
1939.0,14.0,6.7,6.433333333333334,33.0,3.0
1939.0,15.0,7.3,7.3,33.0,1.0
1939.0,16.0,5.7,5.7,33.0,1.0
1939.0,17.0,6.0,6.0,33.0,1.0
1939.0,18.0,5.6,5.6,33.0,1.0
1939.0,19.0,6.3,6.3,33.0,1.0
1939.0,20.0,6.3,6.3,33.0,1.0
1939.0,21.0,5.6,5.6,33.0,1.0
1939.0,22.0,7.6,7.6,33.0,1.0
1939.0,23.0,5.6,5.6,33.0,1.0
1940.0,-1.0,0.0,0.0,10.0,0.0
1940.0,0.0,6.7,6.7,33.0,1.0
1940.0,1.0,7.3,7.3,33.0,1.0
1940.0,2.0,0.0,0.0,10.0,0.0
1940.0,3.0,7.0,7.0,33.0,1.0
1940.0,4.0,0.0,0.0,10.0,0.0
1940.0,5.0,6.3,6.3,33.0,1.0
1940.0,6.0,6.7,6.7,60.0,1.0
1940.0,7.0,6.3,6.3,33.0,1.0
1940.0,8.0,5.6,5.6,33.0,1.0
1940.0,9.0,7.5,7.5,33.0,1.0
1940.0,10.0,5.6,5.6,33.0,1.0
1940.0,11.0,6.3,6.3,33.0,1.0
1940.0,12.0,5.6,5.6,33.0,1.0
1940.0,13.0,6.0,6.0,33.0,1.0
1940.0,14.0,6.7,6.433333333333334,33.0,3.0
1940.0,15.0,7.3,7.3,33.0,1.0
1940.0,16.0,6.8,6.8,33.0,1.0
1940.0,17.0,6.0,6.0,33.0,1.0
1940.0,18.0,5.6,5.6,33.0,1.0
1940.0,19.0,6.3,6.3,33.0,1.0
1940.0,20.0,6.3,6.3,33.0,1.0
1940.0,21.0,5.6,5.6,33.0,1.0
1940.0,22.0,7.6,7.6,33.0,1.0
1940.0,23.0,6.5,6.5,33.0,1.0
1941.0,-1.0,0.0,0.0,10.0,0.0
1941.0,0.0,6.7,6.7,33.0,1.0
1941.0,1.0,7.3,7.3,33.0,1.0
1941.0,2.0,0.0,0.0,10.0,0.0
1941.0,3.0,7.0,7.0,33.0,1.0
1941.0,4.0,0.0,0.0,10.0,0.0
1941.0,5.0,6.9,6.9,33.0,1.0
1941.0,6.0,6.5,6.5,33.0,1.0
1941.0,7.0,6.3,6.3,33.0,1.0
1941.0,8.0,5.6,5.6,33.0,1.0
1941.0,9.0,7.5,7.5,33.0,1.0
1941.0,10.0,5.6,5.6,33.0,1.0
1941.0,11.0,6.3,6.3,33.0,1.0
1941.0,12.0,5.6,5.6,33.0,1.0
1941.0,13.0,6.0,6.0,33.0,1.0
1941.0,14.0,6.7,6.433333333333334,33.0,3.0
1941.0,15.0,7.3,7.3,33.0,1.0
1941.0,16.0,6.8,6.8,33.0,1.0
1941.0,17.0,6.9,6.85,33.0,2.0
1941.0,18.0,5.6,5.6,33.0,1.0
1941.0,19.0,6.3,6.3,33.0,1.0
1941.0,20.0,6.3,6.3,33.0,1.0
1941.0,21.0,5.6,5.6,33.0,1.0
1941.0,22.0,7.6,7.6,33.0,1.0
1941.0,23.0,6.5,6.5,33.0,1.0
1942.0,-1.0,0.0,0.0,10.0,0.0
1942.0,0.0,7.3,7.3,33.0,1.0
1942.0,1.0,7.3,7.3,33.0,1.0
1942.0,2.0,0.0,0.0,10.0,0.0
1942.0,3.0,7.0,7.0,33.0,1.0
1942.0,4.0,0.0,0.0,10.0,0.0
1942.0,5.0,6.9,6.9,33.0,1.0
1942.0,6.0,6.5,6.5,33.0,1.0
1942.0,7.0,7.7,7.7,33.0,1.0
1942.0,8.0,5.6,5.6,33.0,1.0
1942.0,9.0,7.5,7.5,33.0,1.0
1942.0,10.0,5.6,5.6,33.0,1.0
1942.0,11.0,6.3,6.3,33.0,1.0
1942.0,12.0,5.6,5.6,33.0,1.0
1942.0,13.0,6.0,6.0,33.0,1.0
1942.0,14.0,6.7,6.433333333333334,33.0,3.0
1942.0,15.0,7.3,7.3,33.0,1.0
1942.0,16.0,6.8,6.8,33.0,1.0
1942.0,17.0,6.9,6.85,33.0,2.0
1942.0,18.0,5.6,5.6,33.0,1.0
1942.0,19.0,6.3,6.3,33.0,1.0
1942.0,20.0,6.3,6.3,33.0,1.0
1942.0,21.0,5.6,5.6,33.0,1.0
1942.0,22.0,7.6,7.6,33.0,1.0
1942.0,23.0,6.5,6.5,33.0,1.0
1943.0,-1.0,0.0,0.0,10.0,0.0
1943.0,0.0,7.3,7.3,33.0,1.0
1943.0,1.0,7.3,7.3,33.0,1.0
1943.0,2.0,0.0,0.0,10.0,0.0
1943.0,3.0,7.0,7.0,33.0,1.0
1943.0,4.0,0.0,0.0,10.0,0.0
1943.0,5.0,6.9,6.9,33.0,1.0
1943.0,6.0,6.5,6.5,33.0,1.0
1943.0,7.0,7.7,7.7,33.0,1.0
1943.0,8.0,5.6,5.6,33.0,1.0
1943.0,9.0,7.5,7.5,33.0,1.0
1943.0,10.0,5.6,5.6,33.0,1.0
1943.0,11.0,6.3,6.3,33.0,1.0
1943.0,12.0,5.6,5.6,33.0,1.0
1943.0,13.0,6.0,6.0,33.0,1.0
1943.0,14.0,7.4,7.4,33.0,1.0
1943.0,15.0,7.9,7.9,33.0,1.0
1943.0,16.0,6.8,6.8,33.0,1.0
1943.0,17.0,6.9,6.85,33.0,2.0
1943.0,18.0,5.6,5.6,33.0,1.0
1943.0,19.0,6.3,6.3,33.0,1.0
1943.0,20.0,6.3,6.3,33.0,1.0
1943.0,21.0,5.6,5.6,33.0,1.0
1943.0,22.0,7.6,7.6,33.0,1.0
1943.0,23.0,6.5,6.5,33.0,1.0
1944.0,-1.0,0.0,0.0,10.0,0.0
1944.0,0.0,7.3,7.3,33.0,1.0
1944.0,1.0,7.3,7.3,33.0,1.0
1944.0,2.0,0.0,0.0,10.0,0.0
1944.0,3.0,7.0,7.0,33.0,1.0
1944.0,4.0,0.0,0.0,10.0,0.0
1944.0,5.0,6.9,6.9,33.0,1.0
1944.0,6.0,6.5,6.5,33.0,1.0
1944.0,7.0,7.7,7.7,33.0,1.0
1944.0,8.0,5.6,5.6,33.0,1.0
1944.0,9.0,7.5,7.5,33.0,1.0
1944.0,10.0,5.6,5.6,33.0,1.0
1944.0,11.0,6.3,6.3,33.0,1.0
1944.0,12.0,5.6,5.6,33.0,1.0
1944.0,13.0,6.0,6.0,33.0,1.0
1944.0,14.0,7.4,7.4,33.0,1.0
1944.0,15.0,7.9,7.9,33.0,1.0
1944.0,16.0,6.8,6.8,33.0,1.0
1944.0,17.0,6.9,6.85,33.0,2.0
1944.0,18.0,5.6,5.6,33.0,1.0
1944.0,19.0,6.3,6.3,33.0,1.0
1944.0,20.0,6.3,6.3,33.0,1.0
1944.0,21.0,5.6,5.6,33.0,1.0
1944.0,22.0,7.6,7.6,33.0,1.0
1944.0,23.0,6.5,6.5,33.0,1.0
1945.0,-1.0,0.0,0.0,10.0,0.0
1945.0,0.0,7.3,7.3,33.0,1.0
1945.0,1.0,7.3,7.3,33.0,1.0
1945.0,2.0,0.0,0.0,10.0,0.0
1945.0,3.0,7.0,7.0,33.0,1.0
1945.0,4.0,0.0,0.0,10.0,0.0
1945.0,5.0,6.9,6.9,33.0,1.0
1945.0,6.0,6.5,6.5,33.0,1.0
1945.0,7.0,7.7,7.7,33.0,1.0
1945.0,8.0,5.6,5.6,33.0,1.0
1945.0,9.0,7.5,7.5,33.0,1.0
1945.0,10.0,5.6,5.6,33.0,1.0
1945.0,11.0,6.3,6.3,33.0,1.0
1945.0,12.0,5.6,5.6,33.0,1.0
1945.0,13.0,6.0,6.0,33.0,1.0
1945.0,14.0,7.4,7.4,33.0,1.0
1945.0,15.0,7.9,7.9,33.0,1.0
1945.0,16.0,6.8,6.8,33.0,1.0
1945.0,17.0,6.9,6.85,33.0,2.0
1945.0,18.0,5.6,5.6,33.0,1.0
1945.0,19.0,6.3,6.3,33.0,1.0
1945.0,20.0,6.3,6.3,33.0,1.0
1945.0,21.0,5.6,5.6,33.0,1.0
1945.0,22.0,7.6,7.6,33.0,1.0
1945.0,23.0,6.5,6.5,33.0,1.0
1946.0,-1.0,0.0,0.0,10.0,0.0
1946.0,0.0,7.3,7.3,33.0,1.0
1946.0,1.0,7.3,7.3,33.0,1.0
1946.0,2.0,0.0,0.0,10.0,0.0
1946.0,3.0,7.0,7.0,33.0,1.0
1946.0,4.0,0.0,0.0,10.0,0.0
1946.0,5.0,6.9,6.9,33.0,1.0
1946.0,6.0,6.5,6.5,33.0,1.0
1946.0,7.0,7.7,7.7,33.0,1.0
1946.0,8.0,5.6,5.6,33.0,1.0
1946.0,9.0,7.5,7.5,33.0,1.0
1946.0,10.0,5.6,5.6,33.0,1.0
1946.0,11.0,6.3,6.3,33.0,1.0
1946.0,12.0,5.6,5.6,33.0,1.0
1946.0,13.0,6.0,6.0,33.0,1.0
1946.0,14.0,7.4,7.4,33.0,1.0
1946.0,15.0,7.9,7.9,33.0,1.0
1946.0,16.0,6.8,6.8,33.0,1.0
1946.0,17.0,6.9,6.85,33.0,2.0
1946.0,18.0,5.6,5.6,33.0,1.0
1946.0,19.0,6.3,6.3,33.0,1.0
1946.0,20.0,6.3,6.3,33.0,1.0
1946.0,21.0,5.6,5.6,33.0,1.0
1946.0,22.0,7.6,7.6,33.0,1.0
1946.0,23.0,6.5,6.5,33.0,1.0
1947.0,-1.0,0.0,0.0,10.0,0.0
1947.0,0.0,7.3,7.3,33.0,1.0
1947.0,1.0,7.3,7.3,33.0,1.0
1947.0,2.0,0.0,0.0,10.0,0.0
1947.0,3.0,7.0,7.0,33.0,1.0
1947.0,4.0,0.0,0.0,10.0,0.0
1947.0,5.0,6.9,6.9,33.0,1.0
1947.0,6.0,6.5,6.5,33.0,1.0
1947.0,7.0,7.7,7.7,33.0,1.0
1947.0,8.0,5.6,5.6,33.0,1.0
1947.0,9.0,7.5,7.5,33.0,1.0
1947.0,10.0,5.6,5.6,33.0,1.0
1947.0,11.0,6.3,6.3,33.0,1.0
1947.0,12.0,5.6,5.6,33.0,1.0
1947.0,13.0,6.0,6.0,33.0,1.0
1947.0,14.0,7.4,7.4,33.0,1.0
1947.0,15.0,7.9,7.9,33.0,1.0
1947.0,16.0,6.8,6.8,33.0,1.0
1947.0,17.0,6.9,6.85,33.0,2.0
1947.0,18.0,5.6,5.6,33.0,1.0
1947.0,19.0,6.3,6.3,33.0,1.0
1947.0,20.0,6.3,6.3,33.0,1.0
1947.0,21.0,5.6,5.6,33.0,1.0
1947.0,22.0,7.6,7.6,33.0,1.0
1947.0,23.0,6.5,6.5,33.0,1.0
1948.0,-1.0,0.0,0.0,10.0,0.0
1948.0,0.0,8.3,8.3,33.0,1.0
1948.0,1.0,7.3,7.3,33.0,1.0
1948.0,2.0,0.0,0.0,10.0,0.0
1948.0,3.0,7.0,7.0,33.0,1.0
1948.0,4.0,0.0,0.0,10.0,0.0
1948.0,5.0,7.0,7.0,33.0,1.0
1948.0,6.0,6.5,6.5,33.0,1.0
1948.0,7.0,7.7,7.7,33.0,1.0
1948.0,8.0,5.6,5.6,33.0,1.0
1948.0,9.0,7.5,7.5,33.0,1.0
1948.0,10.0,5.6,5.6,33.0,1.0
1948.0,11.0,6.3,6.3,33.0,1.0
1948.0,12.0,5.6,5.6,33.0,1.0
1948.0,13.0,6.0,6.0,33.0,1.0
1948.0,14.0,7.4,7.4,33.0,1.0
1948.0,15.0,7.9,7.9,33.0,1.0
1948.0,16.0,6.8,6.8,33.0,1.0
1948.0,17.0,6.9,6.85,33.0,2.0
1948.0,18.0,5.6,5.6,33.0,1.0
1948.0,19.0,6.3,6.3,33.0,1.0
1948.0,20.0,6.3,6.3,33.0,1.0
1948.0,21.0,5.6,5.6,33.0,1.0
1948.0,22.0,7.2,7.2,33.0,1.0
1948.0,23.0,6.5,6.5,33.0,1.0
1949.0,-1.0,0.0,0.0,10.0,0.0
1949.0,0.0,8.3,8.3,33.0,1.0
1949.0,1.0,7.3,7.3,33.0,1.0
1949.0,2.0,7.0,7.0,33.0,1.0
1949.0,3.0,7.0,7.0,33.0,1.0
1949.0,4.0,0.0,0.0,10.0,0.0
1949.0,5.0,7.0,7.0,33.0,1.0
1949.0,6.0,6.5,6.5,33.0,1.0
1949.0,7.0,7.7,7.7,33.0,1.0
1949.0,8.0,5.6,5.6,33.0,1.0
1949.0,9.0,7.5,7.5,33.0,1.0
1949.0,10.0,5.6,5.6,33.0,1.0
1949.0,11.0,7.2,7.2,33.0,1.0
1949.0,12.0,5.6,5.6,33.0,1.0
1949.0,13.0,6.0,6.0,33.0,1.0
1949.0,14.0,7.4,7.4,33.0,1.0
1949.0,15.0,7.9,7.9,33.0,1.0
1949.0,16.0,6.8,6.8,33.0,1.0
1949.0,17.0,6.9,6.85,33.0,2.0
1949.0,18.0,5.6,5.6,33.0,1.0
1949.0,19.0,6.3,6.3,33.0,1.0
1949.0,20.0,6.3,6.3,33.0,1.0
1949.0,21.0,5.6,5.6,33.0,1.0
1949.0,22.0,7.2,7.2,33.0,1.0
1949.0,23.0,6.5,6.5,33.0,1.0
1950.0,-1.0,0.0,0.0,10.0,0.0
1950.0,0.0,6.7,6.7,60.0,1.0
1950.0,1.0,7.3,7.3,33.0,1.0
1950.0,2.0,7.0,7.0,33.0,1.0
1950.0,3.0,7.0,6.85,33.0,2.0
1950.0,4.0,0.0,0.0,10.0,0.0
1950.0,5.0,7.0,7.0,33.0,1.0
1950.0,6.0,6.5,6.5,33.0,1.0
1950.0,7.0,7.7,7.7,33.0,1.0
1950.0,8.0,5.6,5.6,33.0,1.0
1950.0,9.0,7.5,7.5,33.0,1.0
1950.0,10.0,5.6,5.6,33.0,1.0
1950.0,11.0,7.2,7.2,33.0,1.0
1950.0,12.0,5.6,5.6,33.0,1.0
1950.0,13.0,6.0,6.0,33.0,1.0
1950.0,14.0,7.4,7.4,33.0,1.0
1950.0,15.0,6.5,6.5,33.0,1.0
1950.0,16.0,6.8,6.8,33.0,1.0
1950.0,17.0,6.9,6.85,33.0,2.0
1950.0,18.0,5.6,5.6,33.0,1.0
1950.0,19.0,6.3,6.3,33.0,1.0
1950.0,20.0,6.3,6.3,33.0,1.0
1950.0,21.0,5.6,5.6,33.0,1.0
1950.0,22.0,7.2,7.2,33.0,1.0
1950.0,23.0,6.5,6.5,33.0,1.0
1951.0,-1.0,0.0,0.0,10.0,0.0
1951.0,0.0,6.5,6.5,33.0,1.0
1951.0,1.0,7.3,7.3,33.0,1.0
1951.0,2.0,7.0,7.0,33.0,1.0
1951.0,3.0,7.0,6.85,33.0,2.0
1951.0,4.0,0.0,0.0,10.0,0.0
1951.0,5.0,7.0,7.0,33.0,1.0
1951.0,6.0,6.5,6.5,33.0,1.0
1951.0,7.0,7.7,7.7,33.0,1.0
1951.0,8.0,5.6,5.6,33.0,1.0
1951.0,9.0,7.5,7.5,33.0,1.0
1951.0,10.0,5.6,5.6,33.0,1.0
1951.0,11.0,7.2,7.2,33.0,1.0
1951.0,12.0,5.6,5.6,33.0,1.0
1951.0,13.0,6.0,6.0,33.0,1.0
1951.0,14.0,7.4,7.4,33.0,1.0
1951.0,15.0,6.5,6.5,33.0,1.0
1951.0,16.0,6.8,6.8,33.0,1.0
1951.0,17.0,6.9,6.85,33.0,2.0
1951.0,18.0,5.6,5.6,33.0,1.0
1951.0,19.0,6.3,6.3,33.0,1.0
1951.0,20.0,6.3,6.3,33.0,1.0
1951.0,21.0,5.6,5.6,33.0,1.0
1951.0,22.0,7.2,7.2,33.0,1.0
1951.0,23.0,5.7,5.7,33.0,1.0
1952.0,-1.0,0.0,0.0,10.0,0.0
1952.0,0.0,6.5,6.5,33.0,1.0
1952.0,1.0,7.3,7.3,33.0,1.0
1952.0,2.0,7.0,7.0,33.0,1.0
1952.0,3.0,6.4,6.4,33.0,1.0
1952.0,4.0,0.0,0.0,10.0,0.0
1952.0,5.0,7.0,7.0,33.0,1.0
1952.0,6.0,6.5,6.5,33.0,1.0
1952.0,7.0,7.7,7.7,33.0,1.0
1952.0,8.0,5.6,5.6,33.0,1.0
1952.0,9.0,7.5,7.5,33.0,1.0
1952.0,10.0,5.6,5.6,33.0,1.0
1952.0,11.0,7.2,7.2,33.0,1.0
1952.0,12.0,5.6,5.6,33.0,1.0
1952.0,13.0,6.0,6.0,33.0,1.0
1952.0,14.0,7.4,7.4,33.0,1.0
1952.0,15.0,6.5,6.5,33.0,1.0
1952.0,16.0,5.0,5.0,33.0,1.0
1952.0,17.0,6.9,6.85,33.0,2.0
1952.0,18.0,5.6,5.6,33.0,1.0
1952.0,19.0,6.3,6.3,33.0,1.0
1952.0,20.0,7.7,7.7,33.0,1.0
1952.0,21.0,5.6,5.6,33.0,1.0
1952.0,22.0,7.2,7.2,33.0,1.0
1952.0,23.0,5.7,5.7,33.0,1.0
1953.0,-1.0,0.0,0.0,10.0,0.0
1953.0,0.0,6.5,6.5,33.0,1.0
1953.0,1.0,5.5,5.5,33.0,1.0
1953.0,2.0,7.0,7.0,33.0,1.0
1953.0,3.0,6.4,6.4,33.0,1.0
1953.0,4.0,0.0,0.0,10.0,0.0
1953.0,5.0,7.0,7.0,33.0,1.0
1953.0,6.0,6.5,6.5,33.0,1.0
1953.0,7.0,7.7,7.7,33.0,1.0
1953.0,8.0,5.6,5.6,33.0,1.0
1953.0,9.0,7.5,7.5,33.0,1.0
1953.0,10.0,5.6,5.6,33.0,1.0
1953.0,11.0,7.2,7.2,33.0,1.0
1953.0,12.0,5.6,5.6,33.0,1.0
1953.0,13.0,6.0,6.0,33.0,1.0
1953.0,14.0,7.4,7.4,33.0,1.0
1953.0,15.0,6.5,6.5,33.0,1.0
1953.0,16.0,5.0,5.0,33.0,1.0
1953.0,17.0,6.9,6.85,33.0,2.0
1953.0,18.0,5.6,5.6,33.0,1.0
1953.0,19.0,6.3,6.3,33.0,1.0
1953.0,20.0,7.7,7.7,33.0,1.0
1953.0,21.0,5.6,5.6,33.0,1.0
1953.0,22.0,5.7,5.7,33.0,1.0
1953.0,23.0,5.7,5.7,33.0,1.0
1954.0,-1.0,0.0,0.0,10.0,0.0
1954.0,0.0,6.5,6.5,33.0,1.0
1954.0,1.0,5.5,5.5,33.0,1.0
1954.0,2.0,7.0,7.0,33.0,1.0
1954.0,3.0,6.4,6.4,33.0,1.0
1954.0,4.0,0.0,0.0,10.0,0.0
1954.0,5.0,7.0,7.0,33.0,1.0
1954.0,6.0,6.5,6.5,33.0,1.0
1954.0,7.0,7.7,7.7,33.0,1.0
1954.0,8.0,5.6,5.6,33.0,1.0
1954.0,9.0,7.5,7.5,33.0,1.0
1954.0,10.0,5.6,5.6,33.0,1.0
1954.0,11.0,7.2,7.2,33.0,1.0
1954.0,12.0,6.0,6.0,33.0,1.0
1954.0,13.0,6.7,6.366666666666667,33.0,3.0
1954.0,14.0,7.4,7.4,33.0,1.0
1954.0,15.0,6.5,6.5,33.0,1.0
1954.0,16.0,5.0,5.0,33.0,1.0
1954.0,17.0,6.7,6.7,60.0,1.0
1954.0,18.0,5.6,5.6,33.0,1.0
1954.0,19.0,6.3,6.3,33.0,1.0
1954.0,20.0,7.7,7.7,33.0,1.0
1954.0,21.0,5.5,5.5,33.0,1.0
1954.0,22.0,5.7,5.7,33.0,1.0
1954.0,23.0,5.7,5.7,33.0,1.0
1955.0,-1.0,6.5,6.5,33.0,1.0
1955.0,0.0,6.3,6.199999999999999,33.0,2.0
1955.0,1.0,6.3,6.3,33.0,1.0
1955.0,2.0,7.0,7.0,33.0,1.0
1955.0,3.0,6.4,6.4,33.0,1.0
1955.0,4.0,6.5,6.5,33.0,1.0
1955.0,5.0,7.0,7.0,33.0,1.0
1955.0,6.0,6.0,6.0,33.0,1.0
1955.0,7.0,7.7,7.7,33.0,1.0
1955.0,8.0,5.6,5.6,33.0,1.0
1955.0,9.0,7.5,7.5,33.0,1.0
1955.0,10.0,5.6,5.6,33.0,1.0
1955.0,11.0,7.2,7.2,33.0,1.0
1955.0,12.0,6.0,6.0,33.0,1.0
1955.0,13.0,6.0,6.0,33.0,1.0
1955.0,14.0,7.4,7.4,33.0,1.0
1955.0,15.0,6.5,6.5,33.0,1.0
1955.0,16.0,5.0,5.0,33.0,1.0
1955.0,17.0,6.7,6.7,60.0,1.0
1955.0,18.0,5.6,5.6,33.0,1.0
1955.0,19.0,6.3,6.3,33.0,1.0
1955.0,20.0,7.7,7.7,33.0,1.0
1955.0,21.0,5.5,5.5,33.0,1.0
1955.0,22.0,5.7,5.7,33.0,1.0
1955.0,23.0,5.7,5.7,33.0,1.0
1956.0,-1.0,6.5,6.5,33.0,1.0
1956.0,0.0,6.3,6.199999999999999,33.0,2.0
1956.0,1.0,6.3,6.3,33.0,1.0
1956.0,2.0,7.0,7.0,33.0,1.0
1956.0,3.0,6.4,6.4,33.0,1.0
1956.0,4.0,6.5,6.5,33.0,1.0
1956.0,5.0,7.0,7.0,33.0,1.0
1956.0,6.0,5.5,5.5,33.0,1.0
1956.0,7.0,7.7,7.7,33.0,1.0
1956.0,8.0,5.7,5.7,33.0,1.0
1956.0,9.0,7.5,7.5,33.0,1.0
1956.0,10.0,6.5,6.5,33.0,1.0
1956.0,11.0,7.2,7.2,33.0,1.0
1956.0,12.0,5.5,5.5,33.0,1.0
1956.0,13.0,6.0,6.0,33.0,1.0
1956.0,14.0,7.4,7.4,33.0,1.0
1956.0,15.0,6.5,6.5,33.0,1.0
1956.0,16.0,5.0,5.0,33.0,1.0
1956.0,17.0,6.7,6.7,33.0,1.0
1956.0,18.0,5.6,5.6,33.0,1.0
1956.0,19.0,6.3,6.3,33.0,1.0
1956.0,20.0,7.7,7.7,33.0,1.0
1956.0,21.0,5.5,5.5,33.0,1.0
1956.0,22.0,5.7,5.7,33.0,1.0
1956.0,23.0,5.7,5.7,33.0,1.0
1957.0,-1.0,6.5,6.5,33.0,1.0
1957.0,0.0,6.3,6.199999999999999,33.0,2.0
1957.0,1.0,6.3,6.3,33.0,1.0
1957.0,2.0,7.0,7.0,33.0,1.0
1957.0,3.0,6.0,5.95,35.0,2.0
1957.0,4.0,6.5,6.5,33.0,1.0
1957.0,5.0,7.0,7.0,33.0,1.0
1957.0,6.0,5.9,5.9,42.0,1.0
1957.0,7.0,7.7,7.7,33.0,1.0
1957.0,8.0,5.7,5.7,33.0,1.0
1957.0,9.0,7.5,7.5,33.0,1.0
1957.0,10.0,5.1,5.1,60.0,1.0
1957.0,11.0,6.7,6.7,44.0,1.0
1957.0,12.0,5.5,5.5,33.0,1.0
1957.0,13.0,6.0,6.0,33.0,1.0
1957.0,14.0,6.5,6.5,21.0,1.0
1957.0,15.0,7.6,7.6,33.0,1.0
1957.0,16.0,5.0,5.0,33.0,1.0
1957.0,17.0,6.7,6.7,33.0,1.0
1957.0,18.0,5.6,5.6,33.0,1.0
1957.0,19.0,6.3,6.3,33.0,1.0
1957.0,20.0,6.7,6.4,33.0,5.0
1957.0,21.0,5.5,5.5,33.0,1.0
1957.0,22.0,5.7,5.7,33.0,1.0
1957.0,23.0,5.7,5.7,33.0,1.0
1958.0,-1.0,6.5,6.5,33.0,1.0
1958.0,0.0,6.3,6.199999999999999,33.0,2.0
1958.0,1.0,6.3,6.3,33.0,1.0
1958.0,2.0,7.0,7.0,33.0,1.0
1958.0,3.0,5.4,5.4,33.0,1.0
1958.0,4.0,6.5,6.5,33.0,1.0
1958.0,5.0,7.0,7.0,33.0,1.0
1958.0,6.0,5.9,5.9,42.0,1.0
1958.0,7.0,7.7,7.7,33.0,1.0
1958.0,8.0,5.7,5.7,33.0,1.0
1958.0,9.0,7.5,7.5,33.0,1.0
1958.0,10.0,5.6,5.6,33.0,1.0
1958.0,11.0,6.1,6.1,33.0,1.0
1958.0,12.0,6.5,6.5,53.0,1.0
1958.0,13.0,6.0,6.0,33.0,1.0
1958.0,14.0,6.5,6.5,21.0,1.0
1958.0,15.0,7.6,7.6,33.0,1.0
1958.0,16.0,5.0,5.0,33.0,1.0
1958.0,17.0,6.7,6.7,33.0,1.0
1958.0,18.0,5.6,5.6,33.0,1.0
1958.0,19.0,6.3,6.3,33.0,1.0
1958.0,20.0,6.7,6.4,33.0,5.0
1958.0,21.0,5.5,5.5,33.0,1.0
1958.0,22.0,5.7,5.7,33.0,1.0
1958.0,23.0,5.7,5.7,50.0,1.0
1959.0,-1.0,6.5,6.5,33.0,1.0
1959.0,0.0,6.3,6.199999999999999,33.0,2.0
1959.0,1.0,6.3,6.3,33.0,1.0
1959.0,2.0,7.0,7.0,33.0,1.0
1959.0,3.0,5.3,5.3,33.0,1.0
1959.0,4.0,6.5,6.5,33.0,1.0
1959.0,5.0,7.0,7.0,33.0,1.0
1959.0,6.0,5.9,5.9,42.0,1.0
1959.0,7.0,7.7,7.7,33.0,1.0
1959.0,8.0,5.7,5.7,33.0,1.0
1959.0,9.0,7.5,7.5,33.0,1.0
1959.0,10.0,5.6,5.6,33.0,1.0
1959.0,11.0,6.1,6.1,33.0,1.0
1959.0,12.0,5.5,5.5,33.0,1.0
1959.0,13.0,6.0,5.9,33.0,2.0
1959.0,14.0,6.0,6.0,33.0,1.0
1959.0,15.0,7.6,7.6,33.0,1.0
1959.0,16.0,5.0,5.0,33.0,1.0
1959.0,17.0,6.7,6.7,33.0,1.0
1959.0,18.0,5.6,5.6,33.0,1.0
1959.0,19.0,6.3,6.3,33.0,1.0
1959.0,20.0,6.7,6.4,33.0,5.0
1959.0,21.0,5.5,5.5,33.0,1.0
1959.0,22.0,5.7,5.7,33.0,1.0
1959.0,23.0,5.7,5.7,50.0,1.0
1960.0,-1.0,6.5,6.5,33.0,1.0
1960.0,0.0,6.3,6.199999999999999,33.0,2.0
1960.0,1.0,6.3,6.3,33.0,1.0
1960.0,2.0,7.0,7.0,33.0,1.0
1960.0,3.0,5.9,5.535,40.0,2.0
1960.0,4.0,5.2,5.2,67.0,1.0
1960.0,5.0,7.0,7.0,33.0,1.0
1960.0,6.0,5.9,5.9,42.0,1.0
1960.0,7.0,5.16,5.16,24.0,1.0
1960.0,8.0,5.18,5.18,25.0,1.0
1960.0,9.0,5.13,5.13,33.0,1.0
1960.0,10.0,5.1,5.1,33.0,1.0
1960.0,11.0,6.1,6.1,33.0,1.0
1960.0,12.0,5.5,5.5,33.0,1.0
1960.0,13.0,6.0,5.9,33.0,2.0
1960.0,14.0,5.14,5.14,33.0,1.0
1960.0,15.0,7.6,7.6,33.0,1.0
1960.0,16.0,5.0,5.0,33.0,1.0
1960.0,17.0,6.7,6.7,33.0,1.0
1960.0,18.0,5.6,5.6,33.0,1.0
1960.0,19.0,6.3,6.3,33.0,1.0
1960.0,20.0,6.7,6.4,33.0,5.0
1960.0,21.0,5.5,5.5,33.0,1.0
1960.0,22.0,5.7,5.7,33.0,1.0
1960.0,23.0,5.12,5.12,33.0,1.0
1961.0,-1.0,6.5,6.5,33.0,1.0
1961.0,0.0,6.3,6.199999999999999,33.0,2.0
1961.0,1.0,5.25,5.25,51.0,1.0
1961.0,2.0,7.0,7.0,33.0,1.0
1961.0,3.0,5.9,5.535,40.0,2.0
1961.0,4.0,5.2,5.2,67.0,1.0
1961.0,5.0,7.0,7.0,33.0,1.0
1961.0,6.0,5.9,5.9,42.0,1.0
1961.0,7.0,5.24,5.24,60.0,1.0
1961.0,8.0,5.18,5.18,25.0,1.0
1961.0,9.0,5.21,5.21,32.0,1.0
1961.0,10.0,5.1,5.1,33.0,1.0
1961.0,11.0,6.1,6.1,33.0,1.0
1961.0,12.0,5.5,5.5,33.0,1.0
1961.0,13.0,6.0,5.9,33.0,2.0
1961.0,14.0,5.14,5.14,33.0,1.0
1961.0,15.0,7.6,7.6,33.0,1.0
1961.0,16.0,5.0,5.0,33.0,1.0
1961.0,17.0,5.23,5.23,56.0,1.0
1961.0,18.0,5.6,5.6,33.0,1.0
1961.0,19.0,6.3,6.3,33.0,1.0
1961.0,20.0,5.26,5.26,33.0,1.0
1961.0,21.0,5.5,5.5,33.0,1.0
1961.0,22.0,5.7,5.7,33.0,1.0
1961.0,23.0,5.12,5.12,33.0,1.0
1962.0,-1.0,6.5,6.5,33.0,1.0
1962.0,0.0,5.42,5.376666666666666,26.333333333333332,3.0
1962.0,1.0,5.49,5.38,38.0,4.0
1962.0,2.0,7.0,7.0,33.0,1.0
1962.0,3.0,5.9,5.535,40.0,2.0
1962.0,4.0,5.2,5.2,67.0,1.0
1962.0,5.0,5.47,5.47,33.0,1.0
1962.0,6.0,5.34,5.34,33.0,1.0
1962.0,7.0,5.24,5.24,60.0,1.0
1962.0,8.0,5.48,5.48,45.0,1.0
1962.0,9.0,5.51,5.4399999999999995,33.0,2.0
1962.0,10.0,5.41,5.41,54.0,1.0
1962.0,11.0,5.44,5.4,53.5,2.0
1962.0,12.0,5.5,5.5,33.0,1.0
1962.0,13.0,6.0,5.9,33.0,2.0
1962.0,14.0,5.14,5.14,33.0,1.0
1962.0,15.0,7.6,7.6,33.0,1.0
1962.0,16.0,5.0,5.0,33.0,1.0
1962.0,17.0,5.23,5.23,56.0,1.0
1962.0,18.0,5.6,5.6,33.0,1.0
1962.0,19.0,6.3,6.3,33.0,1.0
1962.0,20.0,5.32,5.32,33.0,1.0
1962.0,21.0,5.5,5.5,33.0,1.0
1962.0,22.0,5.7,5.7,33.0,1.0
1962.0,23.0,5.46,5.46,6.0,1.0
1963.0,-1.0,5.64,5.64,33.0,1.0
1963.0,0.0,5.71,5.63,33.0,2.0
1963.0,1.0,5.57,5.57,41.0,1.0
1963.0,2.0,7.0,7.0,33.0,1.0
1963.0,3.0,5.61,5.61,50.0,1.0
1963.0,4.0,5.78,5.78,33.0,1.0
1963.0,5.0,5.47,5.47,33.0,1.0
1963.0,6.0,5.34,5.34,33.0,1.0
1963.0,7.0,5.24,5.24,60.0,1.0
1963.0,8.0,5.48,5.48,45.0,1.0
1963.0,9.0,5.56,5.56,61.0,1.0
1963.0,10.0,5.58,5.58,23.0,1.0
1963.0,11.0,5.68,5.68,61.0,1.0
1963.0,12.0,5.67,5.67,42.0,1.0
1963.0,13.0,6.0,5.9,33.0,2.0
1963.0,14.0,5.14,5.14,33.0,1.0
1963.0,15.0,7.6,7.6,33.0,1.0
1963.0,16.0,5.54,5.54,33.0,1.0
1963.0,17.0,5.23,5.23,56.0,1.0
1963.0,18.0,5.6,5.6,33.0,1.0
1963.0,19.0,6.3,6.3,33.0,1.0
1963.0,20.0,5.76,5.746666666666667,29.333333333333332,3.0
1963.0,21.0,5.5,5.5,33.0,1.0
1963.0,22.0,5.7,5.7,33.0,1.0
1963.0,23.0,5.46,5.46,6.0,1.0
1964.0,-1.0,5.64,5.64,33.0,1.0
1964.0,0.0,5.3,5.3,37.666666666666664,3.0
1964.0,1.0,5.5,5.216666666666666,36.166666666666664,6.0
1964.0,2.0,5.3,5.3,22.0,2.0
1964.0,3.0,5.5,5.35,46.0,2.0
1964.0,4.0,5.78,5.78,33.0,1.0
1964.0,5.0,5.1,5.1,48.0,1.0
1964.0,6.0,5.2,5.1,63.0,2.0
1964.0,7.0,5.24,5.24,60.0,1.0
1964.0,8.0,5.3,5.3,48.0,1.0
1964.0,9.0,5.56,5.56,61.0,1.0
1964.0,10.0,5.1,5.1,54.0,1.0
1964.0,11.0,5.5,5.5,11.0,1.0
1964.0,12.0,5.67,5.67,42.0,1.0
1964.0,13.0,5.4,5.4,17.0,1.0
1964.0,14.0,5.6,5.433333333333333,20.666666666666668,3.0
1964.0,15.0,7.6,7.6,33.0,1.0
1964.0,16.0,5.54,5.54,33.0,1.0
1964.0,17.0,5.5,5.5,35.0,1.0
1964.0,18.0,5.6,5.6,33.0,1.0
1964.0,19.0,5.5,5.5,62.0,1.0
1964.0,20.0,5.76,5.746666666666667,29.333333333333332,3.0
1964.0,21.0,5.5,5.5,33.0,1.0
1964.0,22.0,5.7,5.7,33.0,1.0
1964.0,23.0,5.46,5.46,6.0,1.0
1965.0,-1.0,5.64,5.64,33.0,1.0
1965.0,0.0,5.3,5.3,37.666666666666664,3.0
1965.0,1.0,5.3,5.1499999999999995,44.25,4.0
1965.0,2.0,5.3,5.25,53.5,2.0
1965.0,3.0,5.5,5.35,46.0,2.0
1965.0,4.0,5.78,5.78,33.0,1.0
1965.0,5.0,5.1,5.1,48.0,1.0
1965.0,6.0,5.7,5.5,48.6,5.0
1965.0,7.0,5.2,5.2,36.0,1.0
1965.0,8.0,5.3,5.3,48.0,1.0
1965.0,9.0,5.56,5.56,61.0,1.0
1965.0,10.0,5.2,5.1000000000000005,44.333333333333336,3.0
1965.0,11.0,5.2,5.2,49.0,1.0
1965.0,12.0,5.8,5.449999999999999,28.5,2.0
1965.0,13.0,5.4,5.3,54.333333333333336,3.0
1965.0,14.0,5.7,5.366666666666667,45.333333333333336,3.0
1965.0,15.0,5.3,5.3,61.0,1.0
1965.0,16.0,5.8,5.8,58.0,1.0
1965.0,17.0,5.4,5.4,19.0,1.0
1965.0,18.0,5.6,5.6,33.0,1.0
1965.0,19.0,5.5,5.5,40.0,1.0
1965.0,20.0,5.1,5.05,55.5,2.0
1965.0,21.0,5.5,5.5,33.0,1.0
1965.0,22.0,5.7,5.7,33.0,1.0
1965.0,23.0,5.1,5.1,61.0,1.0
1966.0,-1.0,5.64,5.64,33.0,1.0
1966.0,0.0,5.2,5.2,38.0,1.0
1966.0,1.0,5.3,5.133333333333333,54.0,3.0
1966.0,2.0,5.3,5.25,53.5,2.0
1966.0,3.0,5.5,5.35,46.0,2.0
1966.0,4.0,5.78,5.78,33.0,1.0
1966.0,5.0,5.1,5.1,48.0,1.0
1966.0,6.0,5.8,5.3999999999999995,50.666666666666664,3.0
1966.0,7.0,5.2,5.2,36.0,1.0
1966.0,8.0,7.7,7.7,47.0,1.0
1966.0,9.0,5.3,5.3,32.0,1.0
1966.0,10.0,5.2,5.1000000000000005,44.333333333333336,3.0
1966.0,11.0,5.4,5.4,53.0,1.0
1966.0,12.0,5.1,5.1,17.0,1.0
1966.0,13.0,5.0,5.0,60.0,1.0
1966.0,14.0,5.0,5.0,29.0,1.0
1966.0,15.0,5.2,5.2,66.0,1.0
1966.0,16.0,5.8,5.8,58.0,1.0
1966.0,17.0,5.5,5.25,14.0,2.0
1966.0,18.0,5.6,5.6,33.0,1.0
1966.0,19.0,5.3,5.3,58.0,1.0
1966.0,20.0,5.6,5.3,46.0,3.0
1966.0,21.0,5.5,5.5,33.0,1.0
1966.0,22.0,5.7,5.7,33.0,1.0
1966.0,23.0,5.3,5.3,52.0,1.0
1967.0,-1.0,5.64,5.64,33.0,1.0
1967.0,0.0,5.2,5.2,38.0,1.0
1967.0,1.0,5.3,5.225,50.5,4.0
1967.0,2.0,5.2,5.2,57.0,1.0
1967.0,3.0,5.3,5.3,50.0,1.0
1967.0,4.0,5.78,5.78,33.0,1.0
1967.0,5.0,5.1,5.1,65.0,1.0
1967.0,6.0,5.2,5.15,50.5,2.0
1967.0,7.0,5.2,5.2,36.0,1.0
1967.0,8.0,7.7,7.7,47.0,1.0
1967.0,9.0,5.3,5.3,32.0,1.0
1967.0,10.0,5.2,5.1000000000000005,44.333333333333336,3.0
1967.0,11.0,5.5,5.5,41.0,1.0
1967.0,12.0,5.4,5.4,7.0,1.0
1967.0,13.0,5.0,5.0,60.0,1.0
1967.0,14.0,5.0,5.0,29.0,1.0
1967.0,15.0,5.3,5.3,1.0,1.0
1967.0,16.0,5.8,5.8,58.0,1.0
1967.0,17.0,5.3,5.15,24.5,2.0
1967.0,18.0,5.3,5.3,18.0,1.0
1967.0,19.0,5.5,5.5,55.0,1.0
1967.0,20.0,6.0,5.42,44.8,5.0
1967.0,21.0,5.5,5.5,33.0,1.0
1967.0,22.0,5.0,5.0,33.0,1.0
1967.0,23.0,5.4,5.25,63.5,2.0
1968.0,-1.0,5.64,5.64,33.0,1.0
1968.0,0.0,5.0,5.0,54.0,1.0
1968.0,1.0,5.4,5.185714285714285,34.714285714285715,7.0
1968.0,2.0,5.0,5.0,33.0,1.0
1968.0,3.0,5.5,5.24,41.4,5.0
1968.0,4.0,5.78,5.78,33.0,1.0
1968.0,5.0,5.3,5.3,6.0,1.0
1968.0,6.0,5.2,5.15,50.5,2.0
1968.0,7.0,5.2,5.2,46.0,1.0
1968.0,8.0,5.3,5.25,56.5,2.0
1968.0,9.0,7.3,5.360869565217391,43.08695652173913,23.0
1968.0,10.0,5.2,5.2,47.0,1.0
1968.0,11.0,5.5,5.5,41.0,1.0
1968.0,12.0,5.4,5.4,7.0,1.0
1968.0,13.0,5.3,5.3,46.0,1.0
1968.0,14.0,5.3,5.199999999999999,37.0,2.0
1968.0,15.0,5.3,5.3,1.0,1.0
1968.0,16.0,5.2,5.2,41.0,1.0
1968.0,17.0,5.5,5.5,7.0,1.0
1968.0,18.0,5.3,5.3,18.0,1.0
1968.0,19.0,5.2,5.2,44.0,1.0
1968.0,20.0,5.6,5.233333333333333,52.0,6.0
1968.0,21.0,5.5,5.5,33.0,1.0
1968.0,22.0,5.0,5.0,33.0,1.0
1968.0,23.0,5.0,5.0,65.0,1.0
1969.0,-1.0,5.64,5.64,33.0,1.0
1969.0,0.0,5.0,5.0,54.0,1.0
1969.0,1.0,5.6,5.2625,39.625,8.0
1969.0,2.0,5.6,5.2192307692307685,44.53846153846154,26.0
1969.0,3.0,5.3,5.3,61.0,1.0
1969.0,4.0,5.1,5.1,50.5,2.0
1969.0,5.0,5.2,5.2,25.666666666666668,3.0
1969.0,6.0,6.1,5.3999999999999995,32.0,6.0
1969.0,7.0,5.0,5.0,64.5,2.0
1969.0,8.0,5.8,5.699999999999999,63.0,2.0
1969.0,9.0,5.0,5.0,40.333333333333336,3.0
1969.0,10.0,5.2,5.2,47.0,1.0
1969.0,11.0,5.5,5.5,41.0,1.0
1969.0,12.0,5.4,5.4,7.0,1.0
1969.0,13.0,5.3,5.3,46.0,1.0
1969.0,14.0,5.3,5.199999999999999,37.0,2.0
1969.0,15.0,6.1,5.46,32.2,5.0
1969.0,16.0,5.4,5.35,59.5,2.0
1969.0,17.0,5.2,5.133333333333333,25.333333333333332,3.0
1969.0,18.0,5.3,5.3,18.0,1.0
1969.0,19.0,5.1,5.1,54.0,1.0
1969.0,20.0,5.3,5.14,48.6,5.0
1969.0,21.0,5.5,5.5,33.0,1.0
1969.0,22.0,5.6,5.6,18.0,1.0
1969.0,23.0,5.0,5.0,65.0,1.0
1970.0,-1.0,5.64,5.64,33.0,1.0
1970.0,0.0,5.0,5.0,51.0,1.0
1970.0,1.0,5.6,5.325,39.5,4.0
1970.0,2.0,5.2,5.2,49.0,1.0
1970.0,3.0,5.9,5.333333333333333,60.666666666666664,3.0
1970.0,4.0,5.1,5.1,61.0,1.0
1970.0,5.0,5.0,5.0,48.0,1.0
1970.0,6.0,5.6,5.25625,43.25,16.0
1970.0,7.0,5.0,5.0,64.5,2.0
1970.0,8.0,5.5,5.5,53.0,1.0
1970.0,9.0,7.3,5.4111111111111105,28.14814814814815,27.0
1970.0,10.0,5.5,5.25,56.0,4.0
1970.0,11.0,5.4,5.2,62.0,3.0
1970.0,12.0,5.4,5.4,7.0,1.0
1970.0,13.0,5.1,5.05,32.5,2.0
1970.0,14.0,5.3,5.199999999999999,37.0,2.0
1970.0,15.0,6.1,5.46,32.2,5.0
1970.0,16.0,5.5,5.5,18.0,1.0
1970.0,17.0,5.9,5.475,22.0,4.0
1970.0,18.0,5.3,5.3,18.0,1.0
1970.0,19.0,5.1,5.1,54.0,1.0
1970.0,20.0,5.2,5.2,51.0,1.0
1970.0,21.0,6.0,6.0,50.0,1.0
1970.0,22.0,5.6,5.6,18.0,1.0
1970.0,23.0,5.3,5.3,50.0,1.0
1971.0,-1.0,6.5,5.45,42.166666666666664,6.0
1971.0,0.0,5.0,5.0,51.0,1.0
1971.0,1.0,5.6,5.288888888888889,46.77777777777778,9.0
1971.0,2.0,6.0,5.466666666666666,56.333333333333336,3.0
1971.0,3.0,5.5,5.366666666666667,52.666666666666664,3.0
1971.0,4.0,5.5,5.220000000000001,45.2,5.0
1971.0,5.0,5.0,5.0,48.0,1.0
1971.0,6.0,5.8,5.4,45.5,4.0
1971.0,7.0,5.0,5.0,64.5,2.0
1971.0,8.0,5.4,5.4,33.0,1.0
1971.0,9.0,5.5,5.5,40.0,2.0
1971.0,10.0,5.4,5.18,42.6,5.0
1971.0,11.0,5.1,5.033333333333333,46.333333333333336,3.0
1971.0,12.0,5.1,5.05,33.0,2.0
1971.0,13.0,5.5,5.25,40.5,6.0
1971.0,14.0,5.3,5.199999999999999,37.0,2.0
1971.0,15.0,5.0,5.0,33.0,1.0
1971.0,16.0,5.6,5.3,50.5,2.0
1971.0,17.0,5.7,5.45,26.25,4.0
1971.0,18.0,5.3,5.3,18.0,1.0
1971.0,19.0,5.3,5.3,48.0,1.0
1971.0,20.0,5.2,5.2,55.0,1.0
1971.0,21.0,6.0,6.0,50.0,1.0
1971.0,22.0,5.6,5.6,18.0,1.0
1971.0,23.0,5.5,5.5,6.0,1.0
1972.0,-1.0,6.5,5.45,42.166666666666664,6.0
1972.0,0.0,5.5,5.5,58.0,1.0
1972.0,1.0,5.1,5.1,39.5,2.0
1972.0,2.0,5.7,5.340000000000001,49.2,5.0
1972.0,3.0,6.3,5.27,49.766666666666666,30.0
1972.0,4.0,5.5,5.220000000000001,45.2,5.0
1972.0,5.0,5.1,5.1,67.0,1.0
1972.0,6.0,5.4,5.3,56.666666666666664,3.0
1972.0,7.0,7.2,5.278571428571429,46.857142857142854,28.0
1972.0,8.0,5.0,5.0,47.0,1.0
1972.0,9.0,6.9,5.277777777777778,49.0,9.0
1972.0,10.0,5.5,5.5,34.0,1.0
1972.0,11.0,5.7,5.45,52.0,2.0
1972.0,12.0,6.2,5.285714285714286,36.714285714285715,7.0
1972.0,13.0,5.4,5.300000000000001,49.5,2.0
1972.0,14.0,5.3,5.199999999999999,37.0,2.0
1972.0,15.0,5.6,5.1625,49.0,8.0
1972.0,16.0,5.5,5.5,33.0,2.0
1972.0,17.0,5.1,5.1,13.0,1.0
1972.0,18.0,5.4,5.4,33.0,1.0
1972.0,19.0,5.9,5.38,42.8,5.0
1972.0,20.0,5.4,5.25,45.5,2.0
1972.0,21.0,5.1,5.1,19.0,1.0
1972.0,22.0,5.6,5.6,18.0,1.0
1972.0,23.0,5.5,5.5,6.0,1.0
1973.0,-1.0,6.5,5.45,42.166666666666664,6.0
1973.0,0.0,5.9,5.3,27.142857142857142,7.0
1973.0,1.0,6.0,5.442857142857143,37.57142857142857,14.0
1973.0,2.0,5.7,5.340000000000001,49.2,5.0
1973.0,3.0,6.0,5.271428571428571,56.57142857142857,7.0
1973.0,4.0,5.5,5.220000000000001,45.2,5.0
1973.0,5.0,5.7,5.466666666666666,30.666666666666668,3.0
1973.0,6.0,5.8,5.4,50.5,2.0
1973.0,7.0,5.6,5.3,35.75,4.0
1973.0,8.0,5.1,5.1,56.0,1.0
1973.0,9.0,5.2,5.1000000000000005,44.333333333333336,3.0
1973.0,10.0,5.2,5.2,28.0,1.0
1973.0,11.0,5.7,5.4,47.0,2.0
1973.0,12.0,6.2,5.285714285714286,36.714285714285715,7.0
1973.0,13.0,5.6,5.3,31.5,2.0
1973.0,14.0,6.5,5.392307692307692,38.76923076923077,13.0
1973.0,15.0,5.6,5.1625,49.0,8.0
1973.0,16.0,5.3,5.3,18.0,2.0
1973.0,17.0,5.1,5.1,33.0,1.0
1973.0,18.0,5.0,5.0,56.0,1.0
1973.0,19.0,5.9,5.38,42.8,5.0
1973.0,20.0,5.3,5.125,40.0,8.0
1973.0,21.0,5.1,5.1,19.0,1.0
1973.0,22.0,5.6,5.6,18.0,1.0
1973.0,23.0,5.4,5.325,36.5,4.0
1974.0,-1.0,6.5,5.45,42.166666666666664,6.0
1974.0,0.0,5.4,5.166666666666667,40.0,3.0
1974.0,1.0,5.4,5.166666666666667,34.0,9.0
1974.0,2.0,5.6,5.216666666666667,39.166666666666664,6.0
1974.0,3.0,5.4,5.4,51.0,1.0
1974.0,4.0,5.5,5.220000000000001,45.2,5.0
1974.0,5.0,5.2,5.2,33.0,1.0
1974.0,6.0,5.8,5.279999999999999,37.0,5.0
1974.0,7.0,5.2,5.2,41.0,1.0
1974.0,8.0,5.5,5.3999999999999995,43.666666666666664,3.0
1974.0,9.0,5.2,5.1000000000000005,44.333333333333336,3.0
1974.0,10.0,5.8,5.3,39.75,4.0
1974.0,11.0,5.7,5.34,44.2,5.0
1974.0,12.0,6.2,5.285714285714286,36.714285714285715,7.0
1974.0,13.0,5.5,5.5,36.0,1.0
1974.0,14.0,5.1,5.1,33.0,2.0
1974.0,15.0,5.0,5.0,57.0,1.0
1974.0,16.0,5.2,5.2,35.0,1.0
1974.0,17.0,5.7,5.7,17.0,1.0
1974.0,18.0,5.0,5.0,56.0,1.0
1974.0,19.0,5.4,5.166666666666667,31.77777777777778,9.0
1974.0,20.0,5.2,5.04,48.4,5.0
1974.0,21.0,5.1,5.1,33.0,1.0
1974.0,22.0,5.9,5.75,22.0,2.0
1974.0,23.0,5.8,5.366666666666667,40.333333333333336,3.0
1975.0,-1.0,5.0,5.0,33.0,1.0
1975.0,0.0,6.3,6.3,33.0,1.0
1975.0,1.0,5.8,5.38,42.6,10.0
1975.0,2.0,5.3,5.14,41.8,5.0
1975.0,3.0,5.2,5.083333333333333,57.666666666666664,6.0
1975.0,4.0,5.5,5.25,51.0,2.0
1975.0,5.0,6.0,5.3545454545454545,47.63636363636363,11.0
1975.0,6.0,5.3,5.166666666666667,39.833333333333336,6.0
1975.0,7.0,5.6,5.084615384615384,43.92307692307692,13.0
1975.0,8.0,5.5,5.5,33.0,1.0
1975.0,9.0,5.2,5.1000000000000005,44.333333333333336,3.0
1975.0,10.0,5.0,5.0,26.0,1.0
1975.0,11.0,5.1,5.05,47.5,2.0
1975.0,12.0,6.2,5.285714285714286,36.714285714285715,7.0
1975.0,13.0,5.5,5.5,36.0,1.0
1975.0,14.0,5.7,5.5600000000000005,36.8,5.0
1975.0,15.0,5.6,5.4,33.0,2.0
1975.0,16.0,5.5,5.275,41.25,4.0
1975.0,17.0,5.7,5.3999999999999995,33.0,3.0
1975.0,18.0,6.0,5.5,27.5,4.0
1975.0,19.0,5.5,5.166666666666667,33.0,3.0
1975.0,20.0,5.7,5.264705882352941,44.35294117647059,17.0
1975.0,21.0,5.1,5.1,33.0,1.0
1975.0,22.0,5.9,5.75,22.0,2.0
1975.0,23.0,5.9,5.5,30.0,3.0
1976.0,-1.0,5.2,5.2,33.0,1.0
1976.0,0.0,6.3,6.3,33.0,1.0
1976.0,1.0,5.0,5.0,33.0,1.0
1976.0,2.0,5.3,5.14,41.8,5.0
1976.0,3.0,5.2,5.083333333333333,57.666666666666664,6.0
1976.0,4.0,5.2,5.2,33.0,1.0
1976.0,5.0,6.0,5.3545454545454545,47.63636363636363,11.0
1976.0,6.0,5.3,5.3,10.0,1.0
1976.0,7.0,5.4,5.2,33.0,2.0
1976.0,8.0,5.5,5.5,33.0,1.0
1976.0,9.0,5.1,5.1,66.0,1.0
1976.0,10.0,5.0,5.0,33.0,1.0
1976.0,11.0,5.1,5.05,47.5,2.0
1976.0,12.0,6.2,5.285714285714286,36.714285714285715,7.0
1976.0,13.0,5.5,5.5,36.0,1.0
1976.0,14.0,5.4,5.266666666666667,38.666666666666664,3.0
1976.0,15.0,5.1,5.1,33.0,1.0
1976.0,16.0,5.1,5.1,33.0,1.0
1976.0,17.0,5.7,5.3999999999999995,33.0,3.0
1976.0,18.0,5.6,5.5,25.5,2.0
1976.0,19.0,5.2,5.1,33.0,2.0
1976.0,20.0,5.1,5.1,33.0,1.0
1976.0,21.0,5.4,5.2,33.0,3.0
1976.0,22.0,5.9,5.75,22.0,2.0
1976.0,23.0,7.9,5.4625,37.25,8.0
1977.0,-1.0,5.1,5.1,33.0,2.0
1977.0,0.0,5.6,5.6,33.0,1.0
1977.0,1.0,5.0,5.0,33.0,1.0
1977.0,2.0,5.3,5.14,41.8,5.0
1977.0,3.0,5.4,5.4,33.0,1.0
1977.0,4.0,5.2,5.2,33.0,1.0
1977.0,5.0,5.8,5.8,50.0,1.0
1977.0,6.0,5.1,5.05,33.0,2.0
1977.0,7.0,5.4,5.2,33.0,2.0
1977.0,8.0,5.1,5.1,33.0,1.0
1977.0,9.0,5.2,5.2,50.0,1.0
1977.0,10.0,5.3,5.15,33.0,2.0
1977.0,11.0,6.9,5.55,28.25,4.0
1977.0,12.0,6.2,5.285714285714286,36.714285714285715,7.0
1977.0,13.0,5.5,5.5,36.0,1.0
1977.0,14.0,5.5,5.266666666666667,33.0,3.0
1977.0,15.0,5.1,5.05,33.0,2.0
1977.0,16.0,5.1,5.1,33.0,1.0
1977.0,17.0,5.7,5.3999999999999995,33.0,3.0
1977.0,18.0,5.4,5.266666666666667,26.0,3.0
1977.0,19.0,5.2,5.1,33.0,2.0
1977.0,20.0,5.7,5.7,33.0,1.0
1977.0,21.0,5.4,5.2,33.0,3.0
1977.0,22.0,5.2,5.15,33.0,2.0
1977.0,23.0,5.8,5.366666666666667,32.0,3.0
1978.0,-1.0,5.5,5.275,31.25,4.0
1978.0,0.0,5.5,5.5,33.0,1.0
1978.0,1.0,5.3,5.3,54.0,1.0
1978.0,2.0,5.3,5.14,41.8,5.0
1978.0,3.0,5.4,5.4,33.0,1.0
1978.0,4.0,5.2,5.2,33.0,1.0
1978.0,5.0,5.8,5.8,50.0,1.0
1978.0,6.0,5.0,5.0,33.0,1.0
1978.0,7.0,5.1,5.1,8.0,1.0
1978.0,8.0,5.1,5.1,33.0,1.0
1978.0,9.0,5.2,5.2,50.0,1.0
1978.0,10.0,5.3,5.15,33.0,2.0
1978.0,11.0,5.4,5.4,33.0,1.0
1978.0,12.0,5.3,5.199999999999999,33.0,2.0
1978.0,13.0,5.5,5.5,36.0,1.0
1978.0,14.0,5.5,5.266666666666667,33.0,3.0
1978.0,15.0,5.2,5.1,19.0,2.0
1978.0,16.0,5.1,5.1,33.0,1.0
1978.0,17.0,5.7,5.3999999999999995,33.0,3.0
1978.0,18.0,5.5,5.5,33.0,1.0
1978.0,19.0,5.3,5.3,33.0,1.0
1978.0,20.0,5.7,5.7,33.0,1.0
1978.0,21.0,5.4,5.2,33.0,3.0
1978.0,22.0,5.7,5.7,33.0,1.0
1978.0,23.0,5.5,5.4,33.0,2.0
1979.0,-1.0,5.0,5.0,50.0,1.0
1979.0,0.0,5.5,5.5,33.0,1.0
1979.0,1.0,5.2,5.2,3.0,1.0
1979.0,2.0,5.2,5.2,50.0,1.0
1979.0,3.0,5.0,5.0,33.0,1.0
1979.0,4.0,5.4,5.4,33.0,1.0
1979.0,5.0,5.8,5.8,50.0,1.0
1979.0,6.0,5.0,5.0,33.0,1.0
1979.0,7.0,5.1,5.1,8.0,1.0
1979.0,8.0,5.1,5.1,33.0,1.0
1979.0,9.0,5.2,5.2,50.0,1.0
1979.0,10.0,5.3,5.15,33.0,2.0
1979.0,11.0,5.9,5.550000000000001,37.5,2.0
1979.0,12.0,5.3,5.199999999999999,33.0,2.0
1979.0,13.0,5.5,5.5,36.0,1.0
1979.0,14.0,5.1,5.1,33.0,1.0
1979.0,15.0,5.2,5.1,19.0,2.0
1979.0,16.0,5.1,5.1,33.0,1.0
1979.0,17.0,5.7,5.3999999999999995,33.0,3.0
1979.0,18.0,5.4,5.4,33.0,1.0
1979.0,19.0,5.2,5.2,31.0,2.0
1979.0,20.0,5.1,5.1,50.0,1.0
1979.0,21.0,5.4,5.2,33.0,3.0
1979.0,22.0,5.7,5.7,33.0,1.0
1979.0,23.0,5.5,5.4,33.0,2.0
1980.0,-1.0,5.0,5.0,50.0,1.0
1980.0,0.0,5.5,5.5,33.0,1.0
1980.0,1.0,5.2,5.2,3.0,1.0
1980.0,2.0,5.2,5.2,50.0,1.0
1980.0,3.0,5.5,5.266666666666667,65.66666666666667,3.0
1980.0,4.0,5.6,5.6,49.0,1.0
1980.0,5.0,5.8,5.8,50.0,1.0
1980.0,6.0,5.4,5.2,50.0,2.0
1980.0,7.0,5.1,5.1,8.0,1.0
1980.0,8.0,5.1,5.1,33.0,1.0
1980.0,9.0,6.3,6.3,50.0,1.0
1980.0,10.0,5.1,5.05,39.5,2.0
1980.0,11.0,5.9,5.550000000000001,37.5,2.0
1980.0,12.0,5.4,5.4,50.0,1.0
1980.0,13.0,5.4,5.133333333333334,50.0,3.0
1980.0,14.0,5.1,5.1,33.0,1.0
1980.0,15.0,5.9,5.9,50.0,1.0
1980.0,16.0,5.1,5.1,33.0,1.0
1980.0,17.0,5.7,5.3999999999999995,33.0,3.0
1980.0,18.0,5.5,5.35,50.0,2.0
1980.0,19.0,5.7,5.7,50.0,1.0
1980.0,20.0,5.4,5.4,11.0,1.0
1980.0,21.0,5.4,5.2,33.0,3.0
1980.0,22.0,5.7,5.7,33.0,1.0
1980.0,23.0,5.0,5.0,50.0,1.0
1981.0,-1.0,5.0,5.0,50.0,1.0
1981.0,0.0,5.5,5.5,33.0,1.0
1981.0,1.0,5.2,5.2,3.0,1.0
1981.0,2.0,5.2,5.2,50.0,1.0
1981.0,3.0,5.6,5.6,68.0,1.0
1981.0,4.0,5.6,5.6,49.0,1.0
1981.0,5.0,5.8,5.8,50.0,1.0
1981.0,6.0,5.4,5.2,50.0,2.0
1981.0,7.0,5.1,5.1,8.0,1.0
1981.0,8.0,5.0,5.0,49.0,1.0
1981.0,9.0,6.3,6.3,50.0,1.0
1981.0,10.0,5.4,5.300000000000001,42.5,2.0
1981.0,11.0,5.9,5.550000000000001,37.5,2.0
1981.0,12.0,5.4,5.4,50.0,1.0
1981.0,13.0,5.6,5.6,50.0,1.0
1981.0,14.0,5.1,5.1,33.0,1.0
1981.0,15.0,5.9,5.9,50.0,1.0
1981.0,16.0,5.1,5.1,33.0,1.0
1981.0,17.0,5.7,5.3999999999999995,33.0,3.0
1981.0,18.0,5.5,5.35,50.0,2.0
1981.0,19.0,5.0,5.0,50.0,1.0
1981.0,20.0,5.4,5.4,11.0,1.0
1981.0,21.0,5.0,5.0,33.0,1.0
1981.0,22.0,5.7,5.7,33.0,1.0
1981.0,23.0,5.3,5.199999999999999,50.0,2.0
1982.0,-1.0,5.2,5.2,50.0,1.0
1982.0,0.0,5.5,5.5,33.0,1.0
1982.0,1.0,5.2,5.2,3.0,1.0
1982.0,2.0,5.2,5.2,50.0,1.0
1982.0,3.0,5.2,5.2,50.0,1.0
1982.0,4.0,5.6,5.6,49.0,1.0
1982.0,5.0,5.8,5.8,50.0,1.0
1982.0,6.0,5.4,5.2,50.0,2.0
1982.0,7.0,5.1,5.1,8.0,1.0
1982.0,8.0,5.0,5.0,49.0,1.0
1982.0,9.0,6.3,6.3,50.0,1.0
1982.0,10.0,5.4,5.300000000000001,42.5,2.0
1982.0,11.0,5.9,5.550000000000001,37.5,2.0
1982.0,12.0,5.5,5.35,33.0,2.0
1982.0,13.0,5.3,5.3,50.0,1.0
1982.0,14.0,5.4,5.300000000000001,56.0,2.0
1982.0,15.0,5.9,5.9,50.0,1.0
1982.0,16.0,5.1,5.1,33.0,1.0
1982.0,17.0,5.7,5.3999999999999995,33.0,3.0
1982.0,18.0,5.1,5.1,50.0,1.0
1982.0,19.0,5.0,5.0,50.0,1.0
1982.0,20.0,5.4,5.4,11.0,1.0
1982.0,21.0,5.0,5.0,33.0,1.0
1982.0,22.0,5.7,5.7,33.0,1.0
1982.0,23.0,5.3,5.199999999999999,50.0,2.0
1983.0,-1.0,5.2,5.2,50.0,1.0
1983.0,0.0,5.5,5.5,33.0,1.0
1983.0,1.0,5.3,5.3,46.0,1.0
1983.0,2.0,5.3,5.25,26.5,2.0
1983.0,3.0,5.5,5.279999999999999,54.6,5.0
1983.0,4.0,5.6,5.6,49.0,1.0
1983.0,5.0,5.8,5.8,50.0,1.0
1983.0,6.0,5.3,5.2,50.0,3.0
1983.0,7.0,5.1,5.1,8.0,1.0
1983.0,8.0,5.0,5.0,49.0,1.0
1983.0,9.0,6.3,6.3,50.0,1.0
1983.0,10.0,6.5,5.8,22.0,2.0
1983.0,11.0,5.9,5.550000000000001,37.5,2.0
1983.0,12.0,5.5,5.35,33.0,2.0
1983.0,13.0,5.1,5.1,33.0,1.0
1983.0,14.0,5.4,5.300000000000001,56.0,2.0
1983.0,15.0,5.9,5.9,50.0,1.0
1983.0,16.0,5.1,5.1,33.0,1.0
1983.0,17.0,5.7,5.3999999999999995,33.0,3.0
1983.0,18.0,5.1,5.1,50.0,1.0
1983.0,19.0,5.0,5.0,50.0,1.0
1983.0,20.0,5.4,5.4,11.0,1.0
1983.0,21.0,5.0,5.0,33.0,1.0
1983.0,22.0,5.7,5.7,33.0,1.0
1983.0,23.0,5.3,5.199999999999999,50.0,2.0
1984.0,-1.0,5.2,5.2,50.0,1.0
1984.0,0.0,5.2,5.2,60.0,1.0
1984.0,1.0,5.3,5.3,46.0,1.0
1984.0,2.0,5.0,5.0,52.0,2.0
1984.0,3.0,5.3,5.15,44.0,2.0
1984.0,4.0,5.6,5.6,49.0,1.0
1984.0,5.0,5.2,5.1,33.0,2.0
1984.0,6.0,5.0,5.0,38.0,1.0
1984.0,7.0,5.1,5.1,8.0,1.0
1984.0,8.0,5.0,5.0,49.0,1.0
1984.0,9.0,6.3,6.3,50.0,1.0
1984.0,10.0,5.3,5.3,13.0,1.0
1984.0,11.0,5.9,5.550000000000001,37.5,2.0
1984.0,12.0,5.0,5.0,22.0,1.0
1984.0,13.0,5.1,5.1,33.0,1.0
1984.0,14.0,5.2,5.2,59.0,1.0
1984.0,15.0,5.9,5.9,50.0,1.0
1984.0,16.0,5.1,5.1,33.0,1.0
1984.0,17.0,5.7,5.3999999999999995,33.0,3.0
1984.0,18.0,5.1,5.1,50.0,1.0
1984.0,19.0,5.0,5.0,50.0,1.0
1984.0,20.0,5.4,5.4,11.0,1.0
1984.0,21.0,5.0,5.0,33.0,1.0
1984.0,22.0,5.7,5.7,33.0,1.0
1984.0,23.0,5.3,5.199999999999999,50.0,2.0
1985.0,-1.0,5.2,5.2,50.0,1.0
1985.0,0.0,5.2,5.2,60.0,1.0
1985.0,1.0,5.3,5.3,46.0,1.0
1985.0,2.0,5.0,5.0,52.0,2.0
1985.0,3.0,5.3,5.15,44.0,2.0
1985.0,4.0,5.6,5.6,49.0,1.0
1985.0,5.0,5.0,5.0,33.0,1.0
1985.0,6.0,5.0,5.0,38.0,1.0
1985.0,7.0,5.1,5.1,8.0,1.0
1985.0,8.0,6.1,5.65,33.0,2.0
1985.0,9.0,6.3,6.3,50.0,1.0
1985.0,10.0,5.3,5.3,13.0,1.0
1985.0,11.0,5.9,5.550000000000001,37.5,2.0
1985.0,12.0,5.0,5.0,22.0,1.0
1985.0,13.0,5.1,5.1,33.0,1.0
1985.0,14.0,5.2,5.2,59.0,1.0
1985.0,15.0,5.9,5.9,50.0,1.0
1985.0,16.0,5.1,5.1,33.0,1.0
1985.0,17.0,5.7,5.3999999999999995,33.0,3.0
1985.0,18.0,5.1,5.1,50.0,1.0
1985.0,19.0,5.0,5.0,50.0,1.0
1985.0,20.0,5.4,5.4,11.0,1.0
1985.0,21.0,5.0,5.0,33.0,1.0
1985.0,22.0,5.7,5.7,33.0,1.0
1985.0,23.0,5.3,5.199999999999999,50.0,2.0
1986.0,-1.0,5.2,5.2,50.0,1.0
1986.0,0.0,5.2,5.2,60.0,1.0
1986.0,1.0,6.2,6.2,33.0,1.0
1986.0,2.0,5.0,5.0,52.0,2.0
1986.0,3.0,5.0,5.0,33.0,1.0
1986.0,4.0,5.6,5.6,49.0,1.0
1986.0,5.0,5.0,5.0,33.0,1.0
1986.0,6.0,5.0,5.0,38.0,1.0
1986.0,7.0,5.1,5.1,8.0,1.0
1986.0,8.0,5.1,5.1,33.0,1.0
1986.0,9.0,6.3,6.3,50.0,1.0
1986.0,10.0,5.3,5.3,13.0,1.0
1986.0,11.0,5.9,5.550000000000001,37.5,2.0
1986.0,12.0,5.0,5.0,22.0,1.0
1986.0,13.0,5.1,5.1,33.0,1.0
1986.0,14.0,5.2,5.2,59.0,1.0
1986.0,15.0,5.9,5.9,50.0,1.0
1986.0,16.0,5.1,5.1,33.0,1.0
1986.0,17.0,5.7,5.3999999999999995,33.0,3.0
1986.0,18.0,5.1,5.1,50.0,1.0
1986.0,19.0,5.0,5.0,50.0,1.0
1986.0,20.0,5.4,5.4,11.0,1.0
1986.0,21.0,5.0,5.0,33.0,1.0
1986.0,22.0,5.7,5.7,33.0,1.0
1986.0,23.0,5.0,5.0,33.0,1.0
1987.0,-1.0,5.2,5.2,50.0,1.0
1987.0,0.0,5.1,5.066666666666666,55.0,3.0
1987.0,1.0,6.2,6.2,33.0,1.0
1987.0,2.0,5.0,5.0,52.0,2.0
1987.0,3.0,5.1,5.1,33.0,1.0
1987.0,4.0,5.9,5.9,16.0,1.0
1987.0,5.0,5.0,5.0,33.0,1.0
1987.0,6.0,5.3,5.1000000000000005,50.42857142857143,7.0
1987.0,7.0,5.1,5.1,8.0,1.0
1987.0,8.0,5.6,5.6,45.0,1.0
1987.0,9.0,6.3,6.3,50.0,1.0
1987.0,10.0,5.3,5.199999999999999,23.5,2.0
1987.0,11.0,6.0,6.0,43.0,1.0
1987.0,12.0,5.0,5.0,22.0,1.0
1987.0,13.0,5.0,5.0,15.0,1.0
1987.0,14.0,5.7,5.7,33.0,1.0
1987.0,15.0,5.9,5.9,50.0,1.0
1987.0,16.0,5.1,5.1,33.0,1.0
1987.0,17.0,5.7,5.3999999999999995,33.0,3.0
1987.0,18.0,5.1,5.1,50.0,1.0
1987.0,19.0,5.2,5.2,41.0,1.0
1987.0,20.0,5.4,5.2,28.0,2.0
1987.0,21.0,5.0,5.0,33.0,1.0
1987.0,22.0,5.1,5.1,36.0,1.0
1987.0,23.0,5.0,5.0,33.0,1.0
1988.0,-1.0,5.2,5.2,50.0,1.0
1988.0,0.0,5.1,5.066666666666666,55.0,3.0
1988.0,1.0,6.2,6.2,33.0,1.0
1988.0,2.0,5.0,5.0,52.0,2.0
1988.0,3.0,5.1,5.1,33.0,1.0
1988.0,4.0,5.9,5.9,16.0,1.0
1988.0,5.0,5.0,5.0,33.0,1.0
1988.0,6.0,5.3,5.3,33.0,1.0
1988.0,7.0,5.6,5.5,38.5,2.0
1988.0,8.0,5.6,5.6,45.0,1.0
1988.0,9.0,6.3,6.3,50.0,1.0
1988.0,10.0,5.3,5.3,69.0,1.0
1988.0,11.0,5.6,5.3,33.0,2.0
1988.0,12.0,5.0,5.0,22.0,1.0
1988.0,13.0,5.1,5.1,33.0,1.0
1988.0,14.0,5.0,5.0,45.0,1.0
1988.0,15.0,5.9,5.9,50.0,1.0
1988.0,16.0,5.1,5.1,33.0,1.0
1988.0,17.0,5.7,5.3999999999999995,33.0,3.0
1988.0,18.0,5.1,5.1,50.0,1.0
1988.0,19.0,5.3,5.3,21.0,1.0
1988.0,20.0,5.4,5.2,28.0,2.0
1988.0,21.0,5.0,5.0,33.0,1.0
1988.0,22.0,5.1,5.1,36.0,1.0
1988.0,23.0,5.0,5.0,33.0,1.0
1989.0,-1.0,5.2,5.2,50.0,1.0
1989.0,0.0,5.1,5.066666666666666,55.0,3.0
1989.0,1.0,6.2,6.2,33.0,1.0
1989.0,2.0,5.0,5.0,52.0,2.0
1989.0,3.0,5.1,5.1,33.0,1.0
1989.0,4.0,5.9,5.9,16.0,1.0
1989.0,5.0,5.0,5.0,33.0,1.0
1989.0,6.0,6.6,6.6,33.0,1.0
1989.0,7.0,5.5,5.5,33.0,1.0
1989.0,8.0,5.6,5.6,45.0,1.0
1989.0,9.0,6.3,6.3,50.0,1.0
1989.0,10.0,5.3,5.3,69.0,1.0
1989.0,11.0,5.6,5.3,33.0,2.0
1989.0,12.0,5.0,5.0,22.0,1.0
1989.0,13.0,5.1,5.1,33.0,1.0
1989.0,14.0,5.0,5.0,45.0,1.0
1989.0,15.0,5.9,5.9,50.0,1.0
1989.0,16.0,5.1,5.1,33.0,1.0
1989.0,17.0,5.7,5.3999999999999995,33.0,3.0
1989.0,18.0,5.1,5.1,50.0,1.0
1989.0,19.0,5.3,5.25,37.5,2.0
1989.0,20.0,5.5,5.25,33.0,2.0
1989.0,21.0,5.0,5.0,33.0,1.0
1989.0,22.0,5.1,5.1,36.0,1.0
1989.0,23.0,5.0,5.0,33.0,1.0
1990.0,-1.0,5.2,5.2,50.0,1.0
1990.0,0.0,7.0,5.683333333333334,13.833333333333334,6.0
1990.0,1.0,6.2,6.2,33.0,1.0
1990.0,2.0,5.0,5.0,52.0,2.0
1990.0,3.0,5.0,5.0,33.0,2.0
1990.0,4.0,5.6,5.449999999999999,36.0,2.0
1990.0,5.0,6.6,5.5,39.5,8.0
1990.0,6.0,6.1,5.375,35.375,8.0
1990.0,7.0,5.5,5.3,14.666666666666666,6.0
1990.0,8.0,6.6,5.300000000000001,22.193548387096776,31.0
1990.0,9.0,7.8,5.825,26.5,4.0
1990.0,10.0,5.3,5.15,6.0,4.0
1990.0,11.0,5.6,5.3,20.0,2.0
1990.0,12.0,5.0,5.0,22.0,1.0
1990.0,13.0,5.5,5.5,17.0,1.0
1990.0,14.0,5.0,5.0,45.0,1.0
1990.0,15.0,5.9,5.9,50.0,1.0
1990.0,16.0,5.0,5.0,30.0,1.0
1990.0,17.0,5.9,5.3,15.75,4.0
1990.0,18.0,5.1,5.1,50.0,1.0
1990.0,19.0,5.7,5.2,32.4,5.0
1990.0,20.0,5.2,5.1,39.0,2.0
1990.0,21.0,5.0,5.0,33.0,1.0
1990.0,22.0,5.1,5.1,36.0,1.0
1990.0,23.0,5.0,5.0,33.0,1.0
1991.0,-1.0,5.2,5.2,50.0,1.0
1991.0,0.0,5.4,5.4,14.0,1.0
1991.0,1.0,6.0,6.0,7.0,1.0
1991.0,2.0,5.0,5.0,52.0,2.0
1991.0,3.0,5.0,5.0,33.0,2.0
1991.0,4.0,6.2,5.34,30.0,5.0
1991.0,5.0,5.7,5.291666666666667,18.25,12.0
1991.0,6.0,6.4,5.577777777777778,30.666666666666668,9.0
1991.0,7.0,5.5,5.35,8.5,2.0
1991.0,8.0,5.8,5.288888888888889,16.11111111111111,9.0
1991.0,9.0,5.4,5.4,9.0,1.0
1991.0,10.0,5.0,5.0,3.0,1.0
1991.0,11.0,5.6,5.3,20.0,2.0
1991.0,12.0,5.0,5.0,22.0,1.0
1991.0,13.0,5.5,5.5,17.0,1.0
1991.0,14.0,5.0,5.0,45.0,1.0
1991.0,15.0,5.9,5.9,50.0,1.0
1991.0,16.0,5.4,5.233333333333333,28.666666666666668,3.0
1991.0,17.0,5.6,5.6,30.0,1.0
1991.0,18.0,5.1,5.1,50.0,1.0
1991.0,19.0,5.6,5.6,10.0,1.0
1991.0,20.0,5.8,5.4,25.0,2.0
1991.0,21.0,5.0,5.0,33.0,1.0
1991.0,22.0,5.1,5.1,36.0,1.0
1991.0,23.0,6.1,6.1,55.0,1.0
1992.0,-1.0,5.2,5.2,50.0,1.0
1992.0,0.0,5.4,5.4,14.0,1.0
1992.0,1.0,6.0,6.0,7.0,1.0
1992.0,2.0,5.0,5.0,52.0,2.0
1992.0,3.0,5.0,5.0,33.0,2.0
1992.0,4.0,5.6,5.166666666666667,18.666666666666668,6.0
1992.0,5.0,5.7,5.291666666666667,18.25,12.0
1992.0,6.0,7.3,6.699999999999999,18.0,2.0
1992.0,7.0,5.3,5.3,16.0,1.0
1992.0,8.0,5.8,5.288888888888889,16.11111111111111,9.0
1992.0,9.0,5.0,5.0,17.0,1.0
1992.0,10.0,5.9,5.366666666666667,5.333333333333333,3.0
1992.0,11.0,5.6,5.3,20.0,2.0
1992.0,12.0,5.0,5.0,22.0,1.0
1992.0,13.0,5.5,5.5,7.0,1.0
1992.0,14.0,5.1,5.1,19.0,1.0
1992.0,15.0,5.2,5.2,14.0,1.0
1992.0,16.0,5.1,5.1,1.0,1.0
1992.0,17.0,5.6,5.6,30.0,1.0
1992.0,18.0,5.1,5.1,50.0,1.0
1992.0,19.0,5.1,5.1,10.0,1.0
1992.0,20.0,5.5,5.233333333333333,24.666666666666668,3.0
1992.0,21.0,5.0,5.0,33.0,1.0
1992.0,22.0,5.1,5.1,36.0,1.0
1992.0,23.0,5.1,5.1,23.0,2.0
1993.0,-1.0,5.2,5.2,50.0,1.0
1993.0,0.0,5.4,5.4,14.0,1.0
1993.0,1.0,6.0,6.0,7.0,1.0
1993.0,2.0,5.0,5.0,52.0,2.0
1993.0,3.0,5.6,5.433333333333334,30.333333333333332,3.0
1993.0,4.0,5.2,5.2,29.0,1.0
1993.0,5.0,5.7,5.5,19.25,4.0
1993.0,6.0,6.6,5.444444444444445,18.22222222222222,9.0
1993.0,7.0,5.4,5.35,19.5,2.0
1993.0,8.0,5.3,5.3,14.0,1.0
1993.0,9.0,5.1,5.1,8.0,1.0
1993.0,10.0,5.5,5.5,4.0,1.0
1993.0,11.0,5.6,5.3,20.0,2.0
1993.0,12.0,5.0,5.0,22.0,1.0
1993.0,13.0,5.2,5.2,16.0,1.0
1993.0,14.0,5.3,5.15,9.0,2.0
1993.0,15.0,5.2,5.2,14.0,1.0
1993.0,16.0,5.6,5.6,33.0,1.0
1993.0,17.0,5.3,5.3,8.0,1.0
1993.0,18.0,5.4,5.4,8.0,1.0
1993.0,19.0,5.1,5.1,18.5,2.0
1993.0,20.0,5.4,5.133333333333334,13.0,3.0
1993.0,21.0,5.0,5.0,33.0,1.0
1993.0,22.0,5.1,5.1,36.0,1.0
1993.0,23.0,5.1,5.1,23.0,2.0
1994.0,-1.0,5.2,5.2,50.0,1.0
1994.0,0.0,5.4,5.4,14.0,1.0
1994.0,1.0,6.0,6.0,7.0,1.0
1994.0,2.0,5.0,5.0,52.0,2.0
1994.0,3.0,5.8,5.65,23.5,2.0
1994.0,4.0,5.2,5.2,29.0,1.0
1994.0,5.0,6.2,5.733333333333333,7.333333333333333,3.0
1994.0,6.0,6.0,5.533333333333334,13.0,6.0
1994.0,7.0,5.3,5.25,21.0,2.0
1994.0,8.0,5.3,5.3,14.0,1.0
1994.0,9.0,5.1,5.1,8.0,1.0
1994.0,10.0,5.0,5.0,24.0,1.0
1994.0,11.0,5.6,5.3,20.0,2.0
1994.0,12.0,5.0,5.0,22.0,1.0
1994.0,13.0,5.2,5.2,16.0,1.0
1994.0,14.0,6.6,5.55,7.75,4.0
1994.0,15.0,5.2,5.2,14.0,1.0
1994.0,16.0,5.7,5.7,5.0,1.0
1994.0,17.0,7.1,6.1,20.5,2.0
1994.0,18.0,5.4,5.4,8.0,1.0
1994.0,19.0,5.1,5.1,18.5,2.0
1994.0,20.0,5.0,5.0,3.0,1.0
1994.0,21.0,5.0,5.0,33.0,1.0
1994.0,22.0,5.7,5.7,48.0,1.0
1994.0,23.0,5.5,5.5,20.0,1.0
1995.0,-1.0,5.2,5.2,50.0,1.0
1995.0,0.0,5.4,5.4,14.0,1.0
1995.0,1.0,6.0,6.0,7.0,1.0
1995.0,2.0,5.0,5.0,52.0,2.0
1995.0,3.0,5.5,5.5,7.0,1.0
1995.0,4.0,5.2,5.2,29.0,1.0
1995.0,5.0,5.1,5.05,17.5,2.0
1995.0,6.0,6.0,6.0,19.0,1.0
1995.0,7.0,5.3,5.25,21.0,2.0
1995.0,8.0,5.3,5.3,14.0,1.0
1995.0,9.0,5.1,5.1,8.0,1.0
1995.0,10.0,5.9,5.433333333333334,16.666666666666668,3.0
1995.0,11.0,5.0,5.0,24.0,1.0
1995.0,12.0,5.0,5.0,22.0,1.0
1995.0,13.0,5.2,5.2,16.0,1.0
1995.0,14.0,7.3,5.688888888888889,24.666666666666668,9.0
1995.0,15.0,5.2,5.2,14.0,1.0
1995.0,16.0,5.0,5.0,6.0,1.0
1995.0,17.0,7.1,6.1,20.5,2.0
1995.0,18.0,7.0,5.725,16.5,8.0
1995.0,19.0,5.0,5.0,10.0,2.0
1995.0,20.0,5.6,5.333333333333333,16.666666666666668,6.0
1995.0,21.0,5.0,5.0,33.0,1.0
1995.0,22.0,5.7,5.7,48.0,1.0
1995.0,23.0,5.5,5.5,20.0,1.0
1996.0,-1.0,5.2,5.2,50.0,1.0
1996.0,0.0,5.4,5.4,14.0,1.0
1996.0,1.0,6.0,6.0,7.0,1.0
1996.0,2.0,5.0,5.0,52.0,2.0
1996.0,3.0,5.7,5.45,12.5,2.0
1996.0,4.0,5.2,5.2,29.0,1.0
1996.0,5.0,6.2,5.533333333333334,9.666666666666666,3.0
1996.0,6.0,6.3,5.3500000000000005,19.583333333333332,12.0
1996.0,7.0,5.3,5.25,21.0,2.0
1996.0,8.0,5.8,5.58,7.2,5.0
1996.0,9.0,5.1,5.1,8.0,1.0
1996.0,10.0,5.4,5.4,18.0,1.0
1996.0,11.0,5.0,5.0,24.0,1.0
1996.0,12.0,5.0,5.0,22.0,1.0
1996.0,13.0,5.2,5.2,16.0,1.0
1996.0,14.0,7.0,5.511111111111111,22.666666666666668,9.0
1996.0,15.0,5.2,5.2,14.0,1.0
1996.0,16.0,5.6,5.6,3.0,1.0
1996.0,17.0,7.1,6.1,20.5,2.0
1996.0,18.0,5.2,5.2,8.0,1.0
1996.0,19.0,5.6,5.35,5.0,2.0
1996.0,20.0,6.9,5.492307692307692,16.423076923076923,26.0
1996.0,21.0,5.0,5.0,33.0,1.0
1996.0,22.0,5.7,5.7,48.0,1.0
1996.0,23.0,5.5,5.5,20.0,1.0
1997.0,-1.0,5.2,5.2,50.0,1.0
1997.0,0.0,5.7,5.7,7.0,1.0
1997.0,1.0,6.0,6.0,7.0,1.0
1997.0,2.0,5.0,5.0,52.0,2.0
1997.0,3.0,5.3,5.3,6.0,1.0
1997.0,4.0,5.2,5.2,29.0,1.0
1997.0,5.0,5.5,5.5,15.0,1.0
1997.0,6.0,5.9,5.185714285714285,26.428571428571427,7.0
1997.0,7.0,5.9,5.9,12.0,1.0
1997.0,8.0,5.5,5.5,14.0,1.0
1997.0,9.0,5.2,5.2,11.0,1.0
1997.0,10.0,5.3,5.15,24.5,2.0
1997.0,11.0,5.5,5.45,10.0,2.0
1997.0,12.0,5.0,5.0,22.0,1.0
1997.0,13.0,5.7,5.5,19.0,2.0
1997.0,14.0,5.5,5.2,40.333333333333336,3.0
1997.0,15.0,5.8,5.4,10.5,2.0
1997.0,16.0,5.6,5.6,3.0,1.0
1997.0,17.0,7.1,6.1,20.5,2.0
1997.0,18.0,5.2,5.2,8.0,1.0
1997.0,19.0,5.6,5.35,5.0,2.0
1997.0,20.0,5.3,5.216666666666667,17.333333333333332,6.0
1997.0,21.0,5.0,5.0,33.0,1.0
1997.0,22.0,5.0,5.0,39.0,1.0
1997.0,23.0,5.5,5.5,20.0,1.0
1998.0,-1.0,5.2,5.2,50.0,1.0
1998.0,0.0,5.3,5.15,24.5,2.0
1998.0,1.0,5.0,5.0,26.0,1.0
1998.0,2.0,5.0,5.0,52.0,2.0
1998.0,3.0,7.0,6.15,41.0,2.0
1998.0,4.0,5.0,5.0,18.0,1.0
1998.0,5.0,5.9,5.625,10.75,4.0
1998.0,6.0,5.5,5.333333333333333,19.0,3.0
1998.0,7.0,5.9,5.9,12.0,1.0
1998.0,8.0,6.1,6.1,35.0,1.0
1998.0,9.0,5.4,5.4,3.0,1.0
1998.0,10.0,5.0,5.0,19.0,1.0
1998.0,11.0,5.1,5.1,3.0,1.0
1998.0,12.0,5.5,5.25,11.0,2.0
1998.0,13.0,5.9,5.45,13.0,4.0
1998.0,14.0,5.3,5.3,6.0,1.0
1998.0,15.0,5.8,5.4,10.5,2.0
1998.0,16.0,5.6,5.6,3.0,1.0
1998.0,17.0,5.7,5.325,7.5,4.0
1998.0,18.0,5.2,5.2,8.0,1.0
1998.0,19.0,5.6,5.35,5.0,2.0
1998.0,20.0,5.8,5.433333333333334,17.0,3.0
1998.0,21.0,5.0,5.0,33.0,1.0
1998.0,22.0,5.0,5.0,39.0,1.0
1998.0,23.0,5.5,5.5,20.0,1.0
1999.0,-1.0,5.2,5.2,50.0,1.0
1999.0,0.0,5.7,5.7,14.0,1.0
1999.0,1.0,5.8,5.8,3.0,1.0
1999.0,2.0,5.8,5.8,13.0,1.0
1999.0,3.0,6.1,5.855555555555556,25.333333333333332,9.0
1999.0,4.0,5.1,5.05,10.5,2.0
1999.0,5.0,5.5,5.3,3.0,2.0
1999.0,6.0,6.2,5.833333333333333,12.333333333333334,3.0
1999.0,7.0,5.9,5.9,12.0,1.0
1999.0,8.0,6.8,5.833333333333333,52.666666666666664,3.0
1999.0,9.0,5.4,5.4,3.0,1.0
1999.0,10.0,5.2,5.2,66.0,1.0
1999.0,11.0,6.2,6.2,22.0,1.0
1999.0,12.0,5.5,5.25,11.0,2.0
1999.0,13.0,5.9,5.45,13.0,4.0
1999.0,14.0,5.2,5.2,51.0,1.0
1999.0,15.0,5.8,5.4,10.5,2.0
1999.0,16.0,6.8,6.8,10.0,1.0
1999.0,17.0,5.7,5.325,7.5,4.0
1999.0,18.0,5.2,5.2,8.0,1.0
1999.0,19.0,5.6,5.35,5.0,2.0
1999.0,20.0,6.0,5.725,15.5,4.0
1999.0,21.0,5.0,5.0,33.0,1.0
1999.0,22.0,5.0,5.0,39.0,1.0
1999.0,23.0,6.5,6.016666666666667,29.333333333333332,6.0
2000.0,-1.0,5.2,5.2,50.0,1.0
2000.0,0.0,5.7,5.7,12.0,1.0
2000.0,1.0,6.2,6.1000000000000005,35.333333333333336,3.0
2000.0,2.0,5.8,5.8,13.0,1.0
2000.0,3.0,7.2,6.083333333333333,35.833333333333336,6.0
2000.0,4.0,5.1,5.05,10.5,2.0
2000.0,5.0,5.9,5.733333333333333,6.333333333333333,3.0
2000.0,6.0,5.7,5.65,38.0,2.0
2000.0,7.0,5.9,5.9,12.0,1.0
2000.0,8.0,6.0,5.95,19.0,2.0
2000.0,9.0,5.4,5.4,3.0,1.0
2000.0,10.0,6.1,6.05,41.5,2.0
2000.0,11.0,6.2,6.2,22.0,1.0
2000.0,12.0,5.5,5.25,11.0,2.0
2000.0,13.0,6.5,6.15,24.5,2.0
2000.0,14.0,5.7,5.7,20.0,1.0
2000.0,15.0,5.8,5.4,10.5,2.0
2000.0,16.0,6.8,6.8,10.0,1.0
2000.0,17.0,5.7,5.7,11.0,2.0
2000.0,18.0,5.2,5.2,8.0,1.0
2000.0,19.0,5.7,5.7,24.0,1.0
2000.0,20.0,6.1,5.616666666666667,21.333333333333332,6.0
2000.0,21.0,5.0,5.0,33.0,1.0
2000.0,22.0,5.0,5.0,39.0,1.0
2000.0,23.0,5.7,5.7,39.0,1.0
2001.0,-1.0,5.2,5.2,50.0,1.0
2001.0,0.0,5.7,5.7,12.0,1.0
2001.0,1.0,6.2,6.1000000000000005,35.333333333333336,3.0
2001.0,2.0,5.8,5.8,13.0,1.0
2001.0,3.0,6.4,6.0,30.75,4.0
2001.0,4.0,5.1,5.05,10.5,2.0
2001.0,5.0,5.9,5.733333333333333,6.333333333333333,3.0
2001.0,6.0,5.7,5.65,38.0,2.0
2001.0,7.0,5.0,5.0,8.0,1.0
2001.0,8.0,6.0,5.95,19.0,2.0
2001.0,9.0,5.0,5.0,1.0,1.0
2001.0,10.0,5.7,5.7,18.5,2.0
2001.0,11.0,6.2,6.2,22.0,1.0
2001.0,12.0,5.5,5.25,11.0,2.0
2001.0,13.0,6.0,6.0,33.0,1.0
2001.0,14.0,5.7,5.7,20.0,1.0
2001.0,15.0,6.0,5.8,28.666666666666668,3.0
2001.0,16.0,6.8,6.8,10.0,1.0
2001.0,17.0,5.7,5.7,11.0,2.0
2001.0,18.0,5.2,5.2,8.0,1.0
2001.0,19.0,5.7,5.7,24.0,1.0
2001.0,20.0,5.8,4.9,14.0,2.0
2001.0,21.0,5.0,5.0,33.0,1.0
2001.0,22.0,5.0,5.0,39.0,1.0
2001.0,23.0,5.7,5.7,39.0,1.0
2002.0,-1.0,5.2,5.2,50.0,1.0
2002.0,0.0,5.7,5.7,12.0,1.0
2002.0,1.0,6.2,6.1000000000000005,35.333333333333336,3.0
2002.0,2.0,5.8,5.8,13.0,1.0
2002.0,3.0,6.0,6.0,61.0,1.0
2002.0,4.0,5.1,5.05,10.5,2.0
2002.0,5.0,5.9,5.733333333333333,6.333333333333333,3.0
2002.0,6.0,5.7,5.7,1.0,1.0
2002.0,7.0,6.0,6.0,1.0,1.0
2002.0,8.0,6.0,5.95,19.0,2.0
2002.0,9.0,5.0,5.0,1.0,1.0
2002.0,10.0,5.7,5.7,18.5,2.0
2002.0,11.0,5.8,5.8,1.0,1.0
2002.0,12.0,5.5,5.25,11.0,2.0
2002.0,13.0,6.0,6.0,26.0,1.0
2002.0,14.0,5.7,5.7,20.0,1.0
2002.0,15.0,6.0,5.8,28.666666666666668,3.0
2002.0,16.0,6.4,6.15,2.0,2.0
2002.0,17.0,5.7,5.7,11.0,2.0
2002.0,18.0,5.2,5.2,8.0,1.0
2002.0,19.0,5.7,5.7,10.0,1.0
2002.0,20.0,5.8,4.9,14.0,2.0
2002.0,21.0,5.0,5.0,33.0,1.0
2002.0,22.0,5.8,5.8,42.0,1.0
2002.0,23.0,6.8,6.133333333333333,8.333333333333334,3.0
2003.0,-1.0,5.2,5.2,50.0,1.0
2003.0,0.0,6.2,6.2,27.0,1.0
2003.0,1.0,5.9,5.800000000000001,25.0,2.0
2003.0,2.0,5.8,5.8,13.0,1.0
2003.0,3.0,5.7,5.7,32.5,2.0
2003.0,4.0,5.1,5.05,10.5,2.0
2003.0,5.0,5.8,5.733333333333333,11.666666666666666,3.0
2003.0,6.0,5.6,5.6,14.0,1.0
2003.0,7.0,5.8,5.8,21.0,2.0
2003.0,8.0,6.0,5.95,19.0,2.0
2003.0,9.0,5.7,5.7,5.0,1.0
2003.0,10.0,5.6,5.6,11.0,1.0
2003.0,11.0,5.8,5.8,1.0,1.0
2003.0,12.0,5.5,5.25,11.0,2.0
2003.0,13.0,6.0,5.933333333333334,30.666666666666668,3.0
2003.0,14.0,6.6,6.4,46.0,2.0
2003.0,15.0,6.0,5.8,28.666666666666668,3.0
2003.0,16.0,6.1,5.85,4.5,2.0
2003.0,17.0,6.4,6.2,10.5,4.0
2003.0,18.0,5.2,5.2,8.0,1.0
2003.0,19.0,5.7,5.7,10.0,1.0
2003.0,20.0,5.8,4.9,14.0,2.0
2003.0,21.0,5.0,5.0,33.0,1.0
2003.0,22.0,5.8,5.8,42.0,1.0
2003.0,23.0,6.8,6.133333333333333,8.333333333333334,3.0
2004.0,-1.0,5.2,5.2,50.0,1.0
2004.0,0.0,6.2,6.2,27.0,1.0
2004.0,1.0,5.8,5.8,5.0,1.0
2004.0,2.0,5.8,5.8,13.0,1.0
2004.0,3.0,6.1,6.05,41.5,2.0
2004.0,4.0,5.1,5.05,10.5,2.0
2004.0,5.0,5.7,5.7,2.0,1.0
2004.0,6.0,6.0,5.86,12.8,5.0
2004.0,7.0,5.8,5.8,21.0,2.0
2004.0,8.0,6.0,5.95,19.0,2.0
2004.0,9.0,5.7,5.7,5.0,1.0
2004.0,10.0,5.6,5.6,11.0,1.0
2004.0,11.0,5.8,5.8,1.0,1.0
2004.0,12.0,5.5,5.25,11.0,2.0
2004.0,13.0,5.6,5.6,17.0,1.0
2004.0,14.0,6.6,6.4,46.0,2.0
2004.0,15.0,5.7,5.7,4.0,1.0
2004.0,16.0,5.8,5.666666666666667,14.333333333333334,3.0
2004.0,17.0,5.7,5.7,21.0,1.0
2004.0,18.0,5.7,5.7,21.0,1.0
2004.0,19.0,5.7,5.7,10.0,1.0
2004.0,20.0,5.8,4.9,14.0,2.0
2004.0,21.0,5.7,5.7,1.0,1.0
2004.0,22.0,5.9,5.9,16.0,1.0
2004.0,23.0,5.8,5.8,26.0,1.0
2005.0,-1.0,5.2,5.2,50.0,1.0
2005.0,0.0,5.6,5.6,26.0,1.0
2005.0,1.0,6.5,6.2,16.0,2.0
2005.0,2.0,5.8,5.8,13.0,1.0
2005.0,3.0,6.1,5.85,20.0,2.0
2005.0,4.0,5.6,5.6,4.0,1.0
2005.0,5.0,5.7,5.7,2.0,1.0
2005.0,6.0,5.7,5.7,48.0,1.0
2005.0,7.0,5.8,5.8,21.0,2.0
2005.0,8.0,6.0,5.95,19.0,2.0
2005.0,9.0,5.7,5.7,5.0,1.0
2005.0,10.0,5.7,5.7,26.0,1.0
2005.0,11.0,5.8,5.8,1.0,1.0
2005.0,12.0,5.5,5.25,11.0,2.0
2005.0,13.0,5.6,5.6,17.0,1.0
2005.0,14.0,5.1,5.1,54.0,1.0
2005.0,15.0,5.7,5.7,4.0,1.0
2005.0,16.0,5.8,5.666666666666667,14.333333333333334,3.0
2005.0,17.0,6.1,6.1,19.0,1.0
2005.0,18.0,5.7,5.7,21.0,1.0
2005.0,19.0,5.7,5.7,10.0,1.0
2005.0,20.0,5.8,5.7,14.333333333333334,3.0
2005.0,21.0,5.8,5.8,15.0,1.0
2005.0,22.0,5.9,5.9,16.0,1.0
2005.0,23.0,6.0,6.0,30.0,1.0
2006.0,-1.0,5.2,5.2,50.0,1.0
2006.0,0.0,5.6,5.6,25.0,1.0
2006.0,1.0,6.3,5.9,40.4,5.0
2006.0,2.0,5.8,5.8,13.0,1.0
2006.0,3.0,5.9,5.733333333333333,51.0,3.0
2006.0,4.0,5.6,5.6,4.0,1.0
2006.0,5.0,5.7,5.7,2.0,1.0
2006.0,6.0,5.8,5.8,69.0,1.0
2006.0,7.0,5.8,5.8,21.0,2.0
2006.0,8.0,6.0,5.95,19.0,2.0
2006.0,9.0,5.7,5.7,5.0,1.0
2006.0,10.0,5.7,5.7,26.0,1.0
2006.0,11.0,5.8,5.8,1.0,1.0
2006.0,12.0,7.1,6.133333333333333,11.333333333333334,3.0
2006.0,13.0,7.0,6.35,43.5,2.0
2006.0,14.0,6.0,6.0,20.5,2.0
2006.0,15.0,5.7,5.7,4.0,1.0
2006.0,16.0,5.8,5.666666666666667,14.333333333333334,3.0
2006.0,17.0,5.8,5.75,10.75,4.0
2006.0,18.0,5.7,5.7,21.0,1.0
2006.0,19.0,5.9,5.9,13.0,1.0
2006.0,20.0,5.8,5.7,14.333333333333334,3.0
2006.0,21.0,5.8,5.8,15.0,1.0
2006.0,22.0,5.9,5.9,16.0,1.0
2006.0,23.0,5.9,5.833333333333333,13.666666666666666,3.0
2007.0,-1.0,5.2,5.2,50.0,1.0
2007.0,0.0,5.6,5.6,25.0,1.0
2007.0,1.0,6.1,5.88,12.8,5.0
2007.0,2.0,5.8,5.8,22.0,1.0
2007.0,3.0,6.3,5.833333333333333,39.666666666666664,6.0
2007.0,4.0,4.3,4.3,61.0,1.0
2007.0,5.0,6.0,5.8,7.0,2.0
2007.0,6.0,5.8,5.699999999999999,34.0,2.0
2007.0,7.0,5.8,5.8,21.0,2.0
2007.0,8.0,6.1,6.1,19.0,1.0
2007.0,9.0,5.7,5.7,5.0,1.0
2007.0,10.0,5.8,5.75,15.0,2.0
2007.0,11.0,5.8,5.8,1.0,1.0
2007.0,12.0,5.7,5.300000000000001,30.0,2.0
2007.0,13.0,5.8,5.699999999999999,30.5,2.0
2007.0,14.0,5.8,5.699999999999999,38.5,4.0
2007.0,15.0,6.6,6.1000000000000005,20.333333333333332,3.0
2007.0,16.0,5.6,5.449999999999999,12.5,2.0
2007.0,17.0,5.8,5.75,11.0,2.0
2007.0,18.0,5.7,5.7,21.0,1.0
2007.0,19.0,5.9,5.9,13.0,1.0
2007.0,20.0,5.8,5.76,18.4,5.0
2007.0,21.0,5.8,5.8,15.0,1.0
2007.0,22.0,5.9,5.9,16.0,1.0
2007.0,23.0,5.9,5.9,10.0,2.0
2008.0,-1.0,5.2,5.2,50.0,1.0
2008.0,0.0,5.6,5.6,25.0,1.0
2008.0,1.0,5.7,5.633333333333333,6.666666666666667,3.0
2008.0,2.0,5.8,5.8,22.0,1.0
2008.0,3.0,5.8,5.733333333333333,34.333333333333336,3.0
2008.0,4.0,4.3,4.3,61.0,1.0
2008.0,5.0,6.1,5.9,21.5,2.0
2008.0,6.0,5.6,5.6,62.0,1.0
2008.0,7.0,5.7,5.533333333333334,39.0,3.0
2008.0,8.0,5.9,5.9,26.0,1.0
2008.0,9.0,5.9,5.8,9.2,5.0
2008.0,10.0,5.7,5.7,13.0,1.0
2008.0,11.0,5.6,5.55,9.0,2.0
2008.0,12.0,6.0,5.95,45.5,2.0
2008.0,13.0,6.4,5.822222222222222,14.555555555555555,9.0
2008.0,14.0,6.6,5.8,19.0,17.0
2008.0,15.0,5.6,5.6,58.0,1.0
2008.0,16.0,5.6,5.449999999999999,12.5,2.0
2008.0,17.0,5.6,5.6,1.0,1.0
2008.0,18.0,5.7,5.7,36.0,1.0
2008.0,19.0,5.9,5.733333333333333,31.333333333333332,3.0
2008.0,20.0,5.8,5.76,18.4,5.0
2008.0,21.0,5.6,5.6,15.0,1.0
2008.0,22.0,5.6,5.6,37.0,1.0
2008.0,23.0,5.9,5.9,10.0,2.0
2009.0,-1.0,5.2,5.2,50.0,1.0
2009.0,0.0,5.6,5.6,25.0,1.0
2009.0,1.0,7.5,6.116666666666667,21.833333333333332,6.0
2009.0,2.0,5.8,5.8,22.0,1.0
2009.0,3.0,6.5,5.8100000000000005,35.2,10.0
2009.0,4.0,6.1,6.1,16.0,1.0
2009.0,5.0,5.7,5.7,4.0,1.0
2009.0,6.0,6.2,5.8999999999999995,42.0,3.0
2009.0,7.0,6.2,6.2,21.0,1.0
2009.0,8.0,5.8,5.675,7.25,4.0
2009.0,9.0,5.9,5.8,9.2,5.0
2009.0,10.0,5.6,5.6,10.0,1.0
2009.0,11.0,5.6,5.6,16.0,1.0
2009.0,12.0,6.0,5.95,45.5,2.0
2009.0,13.0,5.6,5.6,33.0,1.0
2009.0,14.0,5.8,5.75,32.5,2.0
2009.0,15.0,5.6,5.6,58.0,1.0
2009.0,16.0,5.6,5.449999999999999,12.5,2.0
2009.0,17.0,5.6,5.6,1.0,1.0
2009.0,18.0,5.6,5.6,56.0,1.0
2009.0,19.0,5.8,5.6000000000000005,17.333333333333332,3.0
2009.0,20.0,5.8,5.76,18.4,5.0
2009.0,21.0,5.7,5.65,48.5,2.0
2009.0,22.0,5.6,5.6,37.0,1.0
2009.0,23.0,5.9,5.9,10.0,2.0
2010.0,-1.0,5.2,5.2,50.0,1.0
2010.0,0.0,5.6,5.6,25.0,1.0
2010.0,1.0,5.7,5.7,48.5,2.0
2010.0,2.0,5.8,5.8,22.0,1.0
2010.0,3.0,6.0,5.685714285714285,32.0,7.0
2010.0,4.0,6.1,6.1,16.0,1.0
2010.0,5.0,5.7,5.7,4.0,1.0
2010.0,6.0,6.1,5.866666666666667,18.0,3.0
2010.0,7.0,6.3,5.949999999999999,35.5,2.0
2010.0,8.0,5.7,5.7,16.0,1.0
2010.0,9.0,5.7,5.7,31.0,1.0
2010.0,10.0,6.0,5.85,24.0,2.0
2010.0,11.0,6.1,5.833333333333333,12.0,3.0
2010.0,12.0,6.0,5.95,45.5,2.0
2010.0,13.0,5.7,5.675,22.0,4.0
2010.0,14.0,5.8,5.666666666666667,39.0,3.0
2010.0,15.0,5.6,5.6,3.0,1.0
2010.0,16.0,5.6,5.449999999999999,12.5,2.0
2010.0,17.0,5.8,5.75,21.0,2.0
2010.0,18.0,5.6,5.6,56.0,1.0
2010.0,19.0,5.8,5.7,19.833333333333332,6.0
2010.0,20.0,6.0,5.725,16.0,4.0
2010.0,21.0,5.7,5.65,48.5,2.0
2010.0,22.0,5.6,5.6,37.0,1.0
2010.0,23.0,6.1,6.1,6.0,1.0
2011.0,-1.0,5.2,5.2,50.0,1.0
2011.0,0.0,6.4,5.8999999999999995,18.666666666666668,3.0
2011.0,1.0,5.7,5.7,48.5,2.0
2011.0,2.0,5.8,5.8,22.0,1.0
2011.0,3.0,6.0,5.85,58.5,4.0
2011.0,4.0,5.7,5.7,1.0,1.0
2011.0,5.0,5.7,5.7,4.0,1.0
2011.0,6.0,5.7,5.65,3.5,2.0
2011.0,7.0,5.9,5.85,27.5,2.0
2011.0,8.0,6.2,5.85,25.5,2.0
2011.0,9.0,5.7,5.7,31.0,1.0
2011.0,10.0,5.8,5.75,38.0,2.0
2011.0,11.0,6.1,5.8999999999999995,22.666666666666668,3.0
2011.0,12.0,6.0,5.95,45.5,2.0
2011.0,13.0,6.1,5.85,43.5,2.0
2011.0,14.0,5.8,5.8,35.0,1.0
2011.0,15.0,5.6,5.6,3.0,1.0
2011.0,16.0,5.6,5.449999999999999,12.5,2.0
2011.0,17.0,5.8,5.75,21.0,2.0
2011.0,18.0,5.1,5.1,33.0,1.0
2011.0,19.0,5.8,5.7,19.833333333333332,6.0
2011.0,20.0,6.0,6.0,3.0,1.0
2011.0,21.0,5.7,5.65,48.5,2.0
2011.0,22.0,6.2,5.9,39.0,2.0
2011.0,23.0,6.1,6.1,6.0,1.0
2012.0,-1.0,5.2,5.2,50.0,1.0
2012.0,0.0,6.2,6.2,21.0,1.0
2012.0,1.0,5.7,5.7,37.0,3.0
2012.0,2.0,5.8,5.8,22.0,1.0
2012.0,3.0,6.3,6.25,19.0,2.0
2012.0,4.0,6.1,6.1,5.0,1.0
2012.0,5.0,6.2,5.800000000000001,19.0,2.0
2012.0,6.0,6.6,5.85,11.25,4.0
2012.0,7.0,5.9,5.775,17.25,4.0
2012.0,8.0,6.2,5.85,25.5,2.0
2012.0,9.0,5.7,5.7,31.0,1.0
2012.0,10.0,6.0,5.7,27.5,2.0
2012.0,11.0,5.9,5.7,20.666666666666668,3.0
2012.0,12.0,6.0,5.95,45.5,2.0
2012.0,13.0,6.1,5.85,43.5,2.0
2012.0,14.0,5.9,5.833333333333333,32.0,3.0
2012.0,15.0,5.7,5.7,40.0,1.0
2012.0,16.0,6.9,6.05,9.25,8.0
2012.0,17.0,5.8,5.8,7.0,1.0
2012.0,18.0,5.9,5.875,23.25,4.0
2012.0,19.0,5.8,5.7,20.5,4.0
2012.0,20.0,7.6,5.95,27.458333333333332,24.0
2012.0,21.0,5.7,5.65,48.5,2.0
2012.0,22.0,6.3,6.0,12.0,2.0
2012.0,23.0,6.2,6.2,1.0,1.0
2013.0,-1.0,5.2,5.2,50.0,1.0
2013.0,0.0,6.2,6.2,21.0,1.0
2013.0,1.0,5.9,5.550000000000001,11.0,2.0
2013.0,2.0,5.2,5.2,24.0,1.0
2013.0,3.0,5.7,5.4,30.0,2.0
2013.0,4.0,5.8,5.625,5.5,4.0
2013.0,5.0,6.0,5.55,28.5,2.0
2013.0,6.0,6.6,5.85,11.25,4.0
2013.0,7.0,5.9,5.775,17.25,4.0
2013.0,8.0,5.7,5.7,14.0,1.0
2013.0,9.0,5.4,5.4,25.0,1.0
2013.0,10.0,5.9,5.766666666666667,33.333333333333336,3.0
2013.0,11.0,5.9,5.7,20.666666666666668,3.0
2013.0,12.0,6.0,5.95,45.5,2.0
2013.0,13.0,6.4,6.4,33.0,1.0
2013.0,14.0,5.9,5.833333333333333,32.0,3.0
2013.0,15.0,5.7,5.7,40.0,1.0
2013.0,16.0,7.2,5.877777777777777,6.222222222222222,9.0
2013.0,17.0,5.8,5.8,7.0,1.0
2013.0,18.0,5.9,5.875,23.25,4.0
2013.0,19.0,5.8,5.7,20.5,4.0
2013.0,20.0,6.1,5.74,32.4,5.0
2013.0,21.0,5.8,5.8,45.0,1.0
2013.0,22.0,6.3,6.0,12.0,2.0
2013.0,23.0,6.2,6.2,1.0,1.0
2014.0,-1.0,5.2,5.2,50.0,1.0
2014.0,0.0,6.4,5.925,22.0,4.0
2014.0,1.0,5.7,5.433333333333334,36.0,3.0
2014.0,2.0,5.6,5.6,8.0,1.0
2014.0,3.0,6.4,5.7,31.5,4.0
2014.0,4.0,5.9,5.9,10.0,1.0
2014.0,5.0,5.8,5.6,11.75,4.0
2014.0,6.0,5.7,5.6375,14.875,8.0
2014.0,7.0,5.8,5.75,20.5,2.0
2014.0,8.0,5.7,5.7,14.0,1.0
2014.0,9.0,5.5,5.5,12.0,1.0
2014.0,10.0,6.1,5.733333333333333,17.666666666666668,3.0
2014.0,11.0,5.2,5.2,48.0,1.0
2014.0,12.0,6.2,5.42,23.6,5.0
2014.0,13.0,5.5,5.5,31.0,1.0
2014.0,14.0,5.7,5.7,12.0,1.0
2014.0,15.0,6.0,6.0,63.0,1.0
2014.0,16.0,7.2,5.877777777777777,6.222222222222222,9.0
2014.0,17.0,5.8,5.8,7.0,1.0
2014.0,18.0,5.9,5.875,23.25,4.0
2014.0,19.0,6.4,5.85,5.75,4.0
2014.0,20.0,6.0,5.6375,20.75,8.0
2014.0,21.0,5.8,5.8,45.0,1.0
2014.0,22.0,6.3,6.0,12.0,2.0
2014.0,23.0,6.2,6.2,1.0,1.0
2015.0,-1.0,5.2,5.2,50.0,1.0
2015.0,0.0,5.1,5.1,16.0,1.0
2015.0,1.0,5.8,5.8,28.0,1.0
2015.0,2.0,5.6,5.6,8.0,1.0
2015.0,3.0,5.0,5.0,48.0,2.0
2015.0,4.0,5.9,5.9,10.0,1.0
2015.0,5.0,5.8,5.6,11.75,4.0
2015.0,6.0,5.6,5.6,19.0,1.0
2015.0,7.0,5.7,5.7,17.0,1.0
2015.0,8.0,5.9,5.9,48.0,1.0
2015.0,9.0,5.5,5.5,12.0,1.0
2015.0,10.0,5.9,5.85,34.5,2.0
2015.0,11.0,5.9,5.550000000000001,5.0,2.0
2015.0,12.0,6.2,5.42,23.6,5.0
2015.0,13.0,5.5,5.5,31.0,1.0
2015.0,14.0,6.1,5.675,16.25,4.0
2015.0,15.0,6.0,6.0,63.0,1.0
2015.0,16.0,7.2,5.877777777777777,6.222222222222222,9.0
2015.0,17.0,5.8,5.8,7.0,1.0
2015.0,18.0,5.9,5.875,23.25,4.0
2015.0,19.0,5.7,5.45,24.0,2.0
2015.0,20.0,6.1,5.75,24.333333333333332,6.0
2015.0,21.0,6.1,6.1,34.0,1.0
2015.0,22.0,5.8,5.8,32.0,1.0
2015.0,23.0,6.0,5.75,38.5,2.0
2016.0,-1.0,5.2,5.2,50.0,1.0
2016.0,0.0,6.3,6.3,27.0,1.0
2016.0,1.0,6.1,6.1,10.0,1.0
2016.0,2.0,6.5,6.1000000000000005,40.0,3.0
2016.0,3.0,6.6,6.066666666666666,41.333333333333336,3.0
2016.0,4.0,6.3,6.05,20.0,2.0
2016.0,5.0,5.9,5.725,15.75,4.0
2016.0,6.0,5.6,5.6,19.0,1.0
2016.0,7.0,5.7,5.7,17.0,1.0
2016.0,8.0,6.0,5.733333333333333,20.666666666666668,3.0
2016.0,9.0,5.6,5.6,9.0,1.0
2016.0,10.0,4.9,4.9,23.0,1.0
2016.0,11.0,5.6,5.6,19.0,1.0
2016.0,12.0,5.7,5.7,32.0,1.0
2016.0,13.0,6.2,6.0,20.5,2.0
2016.0,14.0,6.1,5.675,16.25,4.0
2016.0,15.0,6.0,6.0,63.0,1.0
2016.0,16.0,7.2,5.877777777777777,6.222222222222222,9.0
2016.0,17.0,5.8,5.8,3.0,1.0
2016.0,18.0,5.9,5.875,23.25,4.0
2016.0,19.0,6.1,5.8999999999999995,43.666666666666664,3.0
2016.0,20.0,5.9,5.82,20.0,5.0
2016.0,21.0,6.1,6.1,34.0,1.0
2016.0,22.0,5.8,5.8,32.0,1.0
2016.0,23.0,5.6,5.6,1.0,1.0
2017.0,-1.0,5.2,5.2,50.0,1.0
2017.0,0.0,5.6,5.6,4.0,1.0
2017.0,1.0,6.2,6.1,24.5,2.0
2017.0,2.0,6.0,5.95,59.5,2.0
2017.0,3.0,5.7,5.7,54.0,1.0
2017.0,4.0,6.3,5.783333333333334,2.8333333333333335,6.0
2017.0,5.0,6.7,6.166666666666667,8.333333333333334,6.0
2017.0,6.0,5.8,5.75,23.5,2.0
2017.0,7.0,6.3,6.133333333333333,5.333333333333333,3.0
2017.0,8.0,6.0,5.733333333333333,20.666666666666668,3.0
2017.0,9.0,5.6,5.6,9.0,1.0
2017.0,10.0,6.1,6.1,32.0,1.0
2017.0,11.0,5.8,5.8,18.0,1.0
2017.0,12.0,5.7,5.7,32.0,1.0
2017.0,13.0,6.2,6.0,20.5,2.0
2017.0,14.0,5.9,5.9,19.0,1.0
2017.0,15.0,6.1,5.833333333333333,18.333333333333332,3.0
2017.0,16.0,7.2,5.877777777777777,6.222222222222222,9.0
2017.0,17.0,5.8,5.8,3.0,1.0
2017.0,18.0,5.9,5.875,23.25,4.0
2017.0,19.0,7.0,6.2,19.25,4.0
2017.0,20.0,5.8,5.733333333333333,26.333333333333332,3.0
2017.0,21.0,6.1,6.1,34.0,1.0
2017.0,22.0,5.8,5.8,32.0,1.0
2017.0,23.0,5.6,5.6,1.0,1.0
2018.0,-1.0,5.2,5.2,50.0,1.0
2018.0,0.0,5.7,5.7,6.0,2.0
2018.0,1.0,5.8,5.720000000000001,7.8,5.0
2018.0,2.0,6.0,6.0,60.0,1.0
2018.0,3.0,7.0,6.2,41.0,5.0
2018.0,4.0,5.7,5.7,3.0,1.0
2018.0,5.0,5.7,5.7,8.0,1.0
2018.0,6.0,6.4,5.914285714285714,6.428571428571429,7.0
2018.0,7.0,5.8,5.8,6.0,2.0
2018.0,8.0,5.9,5.9,16.0,1.0
2018.0,9.0,5.6,5.6,9.0,1.0
2018.0,10.0,6.1,6.1,32.0,1.0
2018.0,11.0,5.6,5.6,17.0,1.0
2018.0,12.0,5.7,5.7,25.0,1.0
2018.0,13.0,5.7,5.7,34.0,1.0
2018.0,14.0,5.9,5.9,19.0,1.0
2018.0,15.0,6.1,5.833333333333333,18.333333333333332,3.0
2018.0,16.0,7.2,5.877777777777777,6.222222222222222,9.0
2018.0,17.0,5.8,5.8,3.0,1.0
2018.0,18.0,5.9,5.875,23.25,4.0
2018.0,19.0,5.8,5.8,15.0,1.0
2018.0,20.0,5.9,5.75,7.25,4.0
2018.0,21.0,6.4,6.4,33.0,1.0
2018.0,22.0,5.8,5.8,32.0,1.0
2018.0,23.0,5.6,5.6,1.0,1.0
2019.0,-1.0,5.2,5.2,50.0,1.0
2019.0,0.0,5.5,5.5,30.0,1.0
2019.0,1.0,5.5,5.333333333333333,23.333333333333332,3.0
2019.0,2.0,6.0,6.0,60.0,1.0
2019.0,3.0,6.4,5.619999999999999,49.4,10.0
2019.0,4.0,5.9,5.65,4.0,2.0
2019.0,5.0,6.5,5.566666666666666,38.0,3.0
2019.0,6.0,5.5,5.3,17.5,4.0
2019.0,7.0,5.5,5.5,8.0,1.0
2019.0,8.0,6.1,6.1,10.0,1.0
2019.0,9.0,5.3,5.3,55.0,1.0
2019.0,10.0,5.4,5.3,15.666666666666666,3.0
2019.0,11.0,5.5,5.35,23.5,2.0
2019.0,12.0,5.7,5.7,25.0,1.0
2019.0,13.0,5.9,5.6,12.75,4.0
2019.0,14.0,5.0,5.0,10.5,2.0
2019.0,15.0,6.1,5.833333333333333,18.333333333333332,3.0
2019.0,16.0,7.2,5.877777777777777,6.222222222222222,9.0
2019.0,17.0,5.8,5.8,3.0,1.0
2019.0,18.0,5.9,5.875,23.25,4.0
2019.0,19.0,6.9,5.613333333333333,12.733333333333333,15.0
2019.0,20.0,6.2,5.4,11.0,10.0
2019.0,21.0,5.5,5.5,7.0,1.0
2019.0,22.0,5.1,5.1,31.0,1.0
2019.0,23.0,5.6,5.6,1.0,1.0
2020.0,-1.0,5.2,5.2,50.0,1.0
2020.0,0.0,5.5,5.5,30.0,1.0
2020.0,1.0,5.9,5.7,1.0,2.0
2020.0,2.0,6.0,6.0,60.0,1.0
2020.0,3.0,6.1,5.575,41.25,4.0
2020.0,4.0,5.9,5.65,4.0,2.0
2020.0,5.0,5.4,5.4,10.0,1.0
2020.0,6.0,6.0,5.4875,25.75,8.0
2020.0,7.0,5.4,5.2,16.5,2.0
2020.0,8.0,5.2,5.2,57.0,1.0
2020.0,9.0,5.1,5.1,7.0,1.0
2020.0,10.0,5.0,5.0,4.0,1.0
2020.0,11.0,5.4,5.4,29.0,1.0
2020.0,12.0,5.7,5.7,25.0,1.0
2020.0,13.0,5.4,5.133333333333334,10.666666666666666,3.0
2020.0,14.0,5.0,5.0,10.5,2.0
2020.0,15.0,6.1,5.833333333333333,18.333333333333332,3.0
2020.0,16.0,6.6,5.566666666666666,8.333333333333334,3.0
2020.0,17.0,5.2,5.15,9.5,2.0
2020.0,18.0,5.9,5.875,23.25,4.0
2020.0,19.0,6.2,5.7,34.25,4.0
2020.0,20.0,5.3,5.133333333333333,29.0,3.0
2020.0,21.0,5.0,5.0,8.0,1.0
2020.0,22.0,5.0,5.0,33.0,1.0
2020.0,23.0,5.6,5.6,1.0,1.0
2021.0,-1.0,5.2,5.2,50.0,1.0
2021.0,0.0,5.0,5.0,23.0,1.0
2021.0,1.0,6.2,5.3125,40.25,8.0
2021.0,2.0,6.0,6.0,60.0,1.0
2021.0,3.0,7.1,5.416666666666667,37.5,12.0
2021.0,4.0,5.7,5.45,7.0,2.0
2021.0,5.0,5.0,5.0,7.0,1.0
2021.0,6.0,5.2,5.15,22.5,2.0
2021.0,7.0,5.7,5.366666666666667,25.333333333333332,3.0
2021.0,8.0,5.2,5.2,57.0,1.0
2021.0,9.0,5.1,5.1,7.0,1.0
2021.0,10.0,5.1,5.1,15.0,1.0
2021.0,11.0,5.4,5.4,29.0,1.0
2021.0,12.0,5.7,5.7,25.0,1.0
2021.0,13.0,5.6,5.6,7.0,1.0
2021.0,14.0,5.0,5.0,11.0,1.0
2021.0,15.0,5.6,5.3500000000000005,26.166666666666668,6.0
2021.0,16.0,5.0,5.0,23.0,1.0
2021.0,17.0,5.2,5.15,9.5,2.0
2021.0,18.0,5.9,5.875,23.25,4.0
2021.0,19.0,6.1,5.633333333333333,21.0,3.0
2021.0,20.0,5.3,5.125,15.75,4.0
2021.0,21.0,5.1,5.1,1.0,1.0
2021.0,22.0,5.1,5.05,18.5,4.0
2021.0,23.0,5.6,5.6,1.0,1.0
2022.0,-1.0,5.2,5.2,50.0,1.0
2022.0,0.0,5.1,5.1,2.0,1.0
2022.0,1.0,6.1,6.1,20.0,1.0
2022.0,2.0,6.0,6.0,60.0,1.0
2022.0,3.0,6.1,5.4375,44.375,8.0
2022.0,4.0,5.0,5.0,4.0,1.0
2022.0,5.0,5.3,5.199999999999999,23.0,2.0
2022.0,6.0,6.2,5.445454545454545,14.818181818181818,11.0
2022.0,7.0,5.7,5.366666666666667,25.333333333333332,3.0
2022.0,8.0,5.0,5.0,10.0,1.0
2022.0,9.0,5.1,5.1,7.0,1.0
2022.0,10.0,7.0,5.488888888888889,13.88888888888889,9.0
2022.0,11.0,6.0,5.366666666666667,18.333333333333332,3.0
2022.0,12.0,5.6,5.25,13.25,4.0
2022.0,13.0,5.2,5.14,34.0,5.0
2022.0,14.0,5.0,5.0,11.0,1.0
2022.0,15.0,6.0,5.566666666666666,39.666666666666664,3.0
2022.0,16.0,5.0,5.0,23.0,1.0
2022.0,17.0,5.0,5.0,11.0,2.0
2022.0,18.0,5.7,5.7,32.0,1.0
2022.0,19.0,5.5,5.333333333333333,30.666666666666668,3.0
2022.0,20.0,5.3,5.125,14.5,4.0
2022.0,21.0,5.3,5.15,9.5,2.0
2022.0,22.0,6.4,5.271428571428571,26.857142857142858,7.0
2022.0,23.0,5.9,5.65,6.0,2.0
2023.0,-1.0,5.2,5.2,50.0,1.0
2023.0,0.0,5.1,5.1,2.0,1.0
2023.0,1.0,7.0,5.572727272727272,32.09090909090909,11.0
2023.0,2.0,5.1,5.1,63.0,1.0
2023.0,3.0,5.2,5.1,34.0,2.0
2023.0,4.0,5.1,5.1,8.0,2.0
2023.0,5.0,5.0,5.0,26.0,1.0
2023.0,6.0,7.4,5.525531914893617,7.0212765957446805,47.0
2023.0,7.0,5.9,5.45,32.5,2.0
2023.0,8.0,5.0,5.0,9.0,1.0
2023.0,9.0,5.1,5.1,7.0,1.0
2023.0,10.0,5.1,5.05,5.0,2.0
2023.0,11.0,6.3,5.5625,21.625,8.0
2023.0,12.0,5.6,5.25,13.25,4.0
2023.0,13.0,5.6,5.3,25.0,4.0
2023.0,14.0,5.0,5.0,11.0,1.0
2023.0,15.0,6.3,5.6,13.0,4.0
2023.0,16.0,5.0,5.0,23.0,1.0
2023.0,17.0,6.0,5.275,5.0,4.0
2023.0,18.0,5.7,5.7,32.0,1.0
2023.0,19.0,6.8,5.5,24.25,4.0
2023.0,20.0,5.6,5.175,22.25,4.0
2023.0,21.0,5.3,5.15,9.5,2.0
2023.0,22.0,5.2,5.2,33.0,1.0
2023.0,23.0,5.3,5.3,1.0,1.0
2024.0,-1.0,5.2,5.2,50.0,1.0
2024.0,0.0,5.1,5.1,31.0,1.0
2024.0,1.0,6.5,5.483333333333333,26.0,6.0
2024.0,2.0,5.1,5.1,63.0,1.0
2024.0,3.0,5.2,5.2,69.0,1.0
2024.0,4.0,5.1,5.1,8.0,2.0
2024.0,5.0,5.8,5.333333333333333,7.666666666666667,3.0
2024.0,6.0,6.8,5.3315789473684205,14.157894736842104,19.0
2024.0,7.0,5.9,5.45,32.5,2.0
2024.0,8.0,5.0,5.0,9.0,1.0
2024.0,9.0,5.3,5.3,3.0,1.0
2024.0,10.0,5.7,5.65,23.0,2.0
2024.0,11.0,5.4,5.4,6.0,1.0
2024.0,12.0,5.6,5.25,13.25,4.0
2024.0,13.0,5.3,5.3,15.0,1.0
2024.0,14.0,6.1,5.475,43.25,4.0
2024.0,15.0,5.1,5.1,13.0,1.0
2024.0,16.0,5.0,5.0,23.0,1.0
2024.0,17.0,5.0,5.0,8.0,1.0
2024.0,18.0,5.3,5.3,17.0,1.0
2024.0,19.0,5.1,5.05,14.0,2.0
2024.0,20.0,5.6,5.175,31.5,4.0
2024.0,21.0,5.3,5.15,9.5,2.0
2024.0,22.0,5.0,5.0,27.0,1.0
2024.0,23.0,5.3,5.3,1.0,1.0
2025.0,-1.0,5.2,5.2,50.0,1.0
2025.0,0.0,5.4,5.4,39.0,1.0
2025.0,1.0,6.5,5.483333333333333,26.0,6.0
2025.0,2.0,5.1,5.1,63.0,1.0
2025.0,3.0,5.2,5.2,69.0,1.0
2025.0,4.0,5.1,5.1,8.0,2.0
2025.0,5.0,5.8,5.8,11.0,1.0
2025.0,6.0,6.8,5.3315789473684205,14.157894736842104,19.0
2025.0,7.0,5.9,5.45,32.5,2.0
2025.0,8.0,5.0,5.0,9.0,1.0
2025.0,9.0,5.3,5.3,3.0,1.0
2025.0,10.0,5.7,5.65,23.0,2.0
2025.0,11.0,5.4,5.4,6.0,1.0
2025.0,12.0,5.6,5.25,13.25,4.0
2025.0,13.0,5.0,5.0,14.0,1.0
2025.0,14.0,6.1,5.475,43.25,4.0
2025.0,15.0,5.1,5.1,13.0,1.0
2025.0,16.0,5.0,5.0,23.0,1.0
2025.0,17.0,5.0,5.0,8.0,1.0
2025.0,18.0,5.3,5.3,17.0,1.0
2025.0,19.0,5.1,5.05,14.0,2.0
2025.0,20.0,5.6,5.175,31.5,4.0
2025.0,21.0,5.3,5.15,9.5,2.0
2025.0,22.0,5.0,5.0,27.0,1.0
2025.0,23.0,5.3,5.3,1.0,1.0
